title,path,predicted_crate,top1_crate,top1_prob,top2_crate,top2_prob,top3_crate,top3_prob
Travis Scott &038; CHASE B - 01 FE!N (CHASE B REMIX),/Users/rohan/Downloads/Music/Travis Scott &038; CHASE B - 01 FE!N (CHASE B REMIX).m4a,Reception Dancefloor%%Hip-Hop,Reception Dancefloor%%Hip-Hop,0.5781001769096715,Music,0.3846844988777727,Reception Dancefloor%%Must Play,0.023466468003445574
One Direction - What Makes You Beautiful (CK Intro - Clean),/Users/rohan/Downloads/Music/One Direction - What Makes You Beautiful (CK Intro - Clean).mp3,Music,Music,0.5019723857477906,Reception Dancefloor%%Must Play,0.21173755111933745,Reception Dancefloor%%Hip-Hop,0.18110892749640184
Luis-Fonsi-Daddy-Yankee-Despacito-DJ-LEAD-Remix-100-10A,/Users/rohan/Downloads/Music/Luis-Fonsi-Daddy-Yankee-Despacito-DJ-LEAD-Remix-100-10A.mp3,Reception Dancefloor%%Must Play,Reception Dancefloor%%Must Play,0.5693902861224182,Music,0.39064934265849216,Reception Dancefloor%%Rap,0.023484389210544368
Chunnari Chunnari (Wedding Style Remix) _ DJ Kaash _ Biwi No.1 _ Salman Khan _ Sushmita Sen,/Users/rohan/Downloads/Music/Chunnari Chunnari (Wedding Style Remix) _ DJ Kaash _ Biwi No.1 _ Salman Khan _ Sushmita Sen.mp3,Reception Dancefloor%%Must Play,Reception Dancefloor%%Must Play,0.5767960197458016,Music,0.40216912799200716,Reception Dancefloor%%Pop ␛␛2f Top 40,0.009783058658127002
A.R. Rahman - Jai Ho (KVM & Zen Flo Remix) [From Slumdog Millionaire] FINAL MASTER,/Users/rohan/Downloads/Music/A.R. Rahman - Jai Ho (KVM & Zen Flo Remix) [From Slumdog Millionaire] FINAL MASTER.wav,Reception Dancefloor%%Must Play,Reception Dancefloor%%Must Play,0.5728318992023241,Music,0.3844851794964538,Reception Dancefloor%%Rap,0.025976774374685242
Avicii-feat.-Aloe-Blacc-Wake-Me-Up-SRY-2023-Remix-128-10A,/Users/rohan/Downloads/Music/Avicii-feat.-Aloe-Blacc-Wake-Me-Up-SRY-2023-Remix-128-10A.mp3,Reception Dancefloor%%Pop ␛␛2f Top 40,Reception Dancefloor%%Pop ␛␛2f Top 40,0.6140574947554689,Music,0.3384956800869039,Reception Dancefloor%%Must Play,0.025470205505264777
The-Weeknd-Playboi-Carti-Timeless-THUGLI-Remix-Dirty-125-10A,/Users/rohan/Downloads/Music/The-Weeknd-Playboi-Carti-Timeless-THUGLI-Remix-Dirty-125-10A.mp3,Reception Dancefloor%%Pop ␛␛2f Top 40,Reception Dancefloor%%Pop ␛␛2f Top 40,0.5984245174270777,Music,0.3558869439722621,Reception Dancefloor%%Must Play,0.022964613386430056
Love Mera Hit Hit - (Raag.Fm),/Users/rohan/Downloads/Music/Love Mera Hit Hit - (Raag.Fm).mp3,Music,Music,0.9101001913087711,Reception Dancefloor%%Must Play,0.04217054244852703,Reception Dancefloor%%Pop ␛␛2f Top 40,0.026902138123671836
"Tegi Pannu, Manni Sandhu & Navaan Sandhu - Addicted (Intro)","/Users/rohan/Downloads/Music/Tegi Pannu, Manni Sandhu & Navaan Sandhu - Addicted (Intro).mp3",Music,Music,0.8346838336161133,Reception Dancefloor%%Must Play,0.07619021331656259,Reception Dancefloor%%Rap,0.051296748933514984
A Sky Full Of Stars (Robin Schulz Remix),/Users/rohan/Downloads/Music/A Sky Full Of Stars (Robin Schulz Remix).mp3,Music,Music,0.8406999583125762,Reception Dancefloor%%Must Play,0.07919510456392503,Reception Dancefloor%%Rap,0.04675294111754221
Bryson Tiller - Whatever She Wants (CK Intro - Dirty) 8A 96,/Users/rohan/Downloads/Music/Bryson Tiller - Whatever She Wants (CK Intro - Dirty) 8A 96.mp3,Reception Dancefloor%%Hip-Hop,Reception Dancefloor%%Hip-Hop,0.577863297887487,Music,0.3919401907485154,Reception Dancefloor%%Must Play,0.024016818623891035
DJ-Snake-feat.-Future-Travis-Scott-Tsunami-HMC-Pt.-2-Intro-Clean-70-1A,/Users/rohan/Downloads/Music/DJ-Snake-feat.-Future-Travis-Scott-Tsunami-HMC-Pt.-2-Intro-Clean-70-1A.mp3,Reception Dancefloor%%Hip-Hop,Reception Dancefloor%%Hip-Hop,0.5943191719744965,Music,0.36370119598661177,Reception Dancefloor%%Must Play,0.03489918438256337
Lady-Gaga-feat.-Colby-ODonis-Just-Dance-Benji-Fink-2023-Remix-132-12A,/Users/rohan/Downloads/Music/Lady-Gaga-feat.-Colby-ODonis-Just-Dance-Benji-Fink-2023-Remix-132-12A.mp3,Music,Music,0.8313848371955643,Reception Dancefloor%%Hip-Hop,0.09203571346390943,Reception Dancefloor%%Must Play,0.047807516433302
TLC - No Scrubs (Intro Clean),/Users/rohan/Downloads/Music/TLC - No Scrubs (Intro Clean).mp3,Music,Music,0.8577082719583516,Reception Dancefloor%%Must Play,0.09307512221336024,Reception Dancefloor%%Hip-Hop,0.03023369984538228
Future - Solo (Intro Clean),/Users/rohan/Downloads/Music/Future - Solo (Intro Clean).mp3,Reception Dancefloor%%Rap,Reception Dancefloor%%Rap,0.5863648712465709,Music,0.26961195727727805,Reception Dancefloor%%Must Play,0.08025064486732662
Waka Flocka Flame - Grove St. Party (Clean),/Users/rohan/Downloads/Music/Waka Flocka Flame - Grove St. Party (Clean).mp3,Reception Dancefloor%%Rap,Reception Dancefloor%%Rap,0.5901583808265725,Music,0.363308892556381,Reception Dancefloor%%Pop ␛␛2f Top 40,0.019296266067665546
Double Addi (Afro House Edit) - DJ Aura (1),/Users/rohan/Downloads/Music/Double Addi (Afro House Edit) - DJ Aura (1).wav,Music,Music,0.8712012813949376,Reception Dancefloor%%Must Play,0.05251164893874328,Reception Dancefloor%%Pop ␛␛2f Top 40,0.04167528095600354
Kisi Disco Mein X Amplifier - Rhythm Flyp (hearthis.at) 3,/Users/rohan/Downloads/Music/Kisi Disco Mein X Amplifier - Rhythm Flyp (hearthis.at) 3.mp3,Reception Dancefloor%%Must Play,Reception Dancefloor%%Must Play,0.7824467618934845,Music,0.21513762629216956,Reception Dancefloor%%Pop ␛␛2f Top 40,0.0024156118143459915
Shardaysa Jones - Give Me My Gots (Beataholic Intro) (Clean) 101,/Users/rohan/Downloads/Music/Shardaysa Jones - Give Me My Gots (Beataholic Intro) (Clean) 101.mp3,Music,Music,0.8981247004890044,Reception Dancefloor%%Must Play,0.050128832770333094,Reception Dancefloor%%Rap,0.03026268992215283
Rock N Roll Soniye - DJ Harsh Remix (Shattered Edit)(FINAL),/Users/rohan/Downloads/Music/Rock N Roll Soniye - DJ Harsh Remix (Shattered Edit)(FINAL).m4a,Music,Music,0.8481603371656046,Reception Dancefloor%%Must Play,0.06583445882317063,Reception Dancefloor%%Pop ␛␛2f Top 40,0.03648918039360902
Kanye West - Good Life [HH Clean Intro] 3A 85,/Users/rohan/Downloads/Music/Kanye West - Good Life [HH Clean Intro] 3A 85.mp3,Music,Music,0.5056672235886854,Reception Dancefloor%%Hip-Hop,0.285550311194567,Reception Dancefloor%%Must Play,0.1406922494467828
BAND4BAND (HILLS RMX) ,/Users/rohan/Downloads/Music/BAND4BAND (HILLS RMX) .mp3,Music,Music,0.5997688469860794,Reception Dancefloor%%Must Play,0.17465172367469875,Reception Dancefloor%%Pop ␛␛2f Top 40,0.12482401162979373
Flo Milli  - Never Lose Me (Intro Clean),/Users/rohan/Downloads/Music/Flo Milli  - Never Lose Me (Intro Clean).mp3,Reception Dancefloor%%Must Play,Reception Dancefloor%%Must Play,0.5473226868033076,Music,0.4483238649208305,Reception Dancefloor%%Rap,0.004353448275862069
DaBaby-SHAKE-SUMN-Intro-Clean-143-1A,/Users/rohan/Downloads/Music/DaBaby-SHAKE-SUMN-Intro-Clean-143-1A.mp3,Reception Dancefloor%%Hip-Hop,Reception Dancefloor%%Hip-Hop,0.624638485143173,Music,0.3394151518473286,Reception Dancefloor%%Must Play,0.028446363009498668
DIVINE & Karan Aujla - Tareefan (DJcity Intro),/Users/rohan/Downloads/Music/DIVINE & Karan Aujla - Tareefan (DJcity Intro).mp3,Music,Music,0.8277726773061046,Reception Dancefloor%%Must Play,0.07920261916775878,Reception Dancefloor%%Rap,0.061350690423955995
El-Alfa-CJ-Chael-Produciendo-feat.-El-Cherry-Scom-vs.-Nina-Sky-La-Mama-de-la-Mama-Kupyd-Move-Ya-Body-Edit-Dirty-128-11A,/Users/rohan/Downloads/Music/El-Alfa-CJ-Chael-Produciendo-feat.-El-Cherry-Scom-vs.-Nina-Sky-La-Mama-de-la-Mama-Kupyd-Move-Ya-Body-Edit-Dirty-128-11A.mp3,Reception Dancefloor%%Rap,Reception Dancefloor%%Rap,0.5862956673754812,Music,0.38146111232030416,Reception Dancefloor%%Hip-Hop,0.014401817442497746
Lil-Uzi-Vert-Chanel-Boy-Intro-Dirty-70-3A,/Users/rohan/Downloads/Music/Lil-Uzi-Vert-Chanel-Boy-Intro-Dirty-70-3A.mp3,Reception Dancefloor%%Hip-Hop,Reception Dancefloor%%Hip-Hop,0.6430827512379256,Music,0.3289881004471607,Reception Dancefloor%%Pop ␛␛2f Top 40,0.012423529411764707
Boy's A Liar Pt. 2 (HOEST & Sev House Edit),/Users/rohan/Downloads/Music/Boy's A Liar Pt. 2 (HOEST & Sev House Edit).mp3,Reception Dancefloor%%Hip-Hop,Reception Dancefloor%%Hip-Hop,0.5460612163904022,Music,0.4115408528649086,Reception Dancefloor%%Must Play,0.03038162320527569
Millionaire_320(PagalWorld.com.sb),/Users/rohan/Downloads/Music/Millionaire_320(PagalWorld.com.sb).mp3,Reception Dancefloor%%Must Play,Reception Dancefloor%%Must Play,0.5956930673619744,Music,0.39187017837210386,Reception Dancefloor%%Rap,0.006399254167533115
Nicky Jam - Hasta El Amanecer  Intro ,/Users/rohan/Downloads/Music/Nicky Jam - Hasta El Amanecer  Intro .mp3,Music,Music,0.8852414699888389,Reception Dancefloor%%Hip-Hop,0.045094592642841214,Reception Dancefloor%%Rap,0.03772082542383925
"Rihanna X AFROKHIN, BDT, SB - Bitch Better Have My Money Calabria (Fabien Pizar mashup)","/Users/rohan/Downloads/Music/Rihanna X AFROKHIN, BDT, SB - Bitch Better Have My Money Calabria (Fabien Pizar mashup).mp3",Music,Music,0.9074555318567309,Reception Dancefloor%%Must Play,0.0709355760385125,Reception Dancefloor%%Hip-Hop,0.01929717662358496
Pitbull_Rain-05.Rain Over Me (Quintino Remix),/Users/rohan/Downloads/Music/Pitbull_Rain-05.Rain Over Me (Quintino Remix).mp3,Reception Dancefloor%%Rap,Reception Dancefloor%%Rap,0.5949971000181694,Music,0.33721841314009365,Reception Dancefloor%%Pop ␛␛2f Top 40,0.02956176727691472
Travis Scott 12A 80 - Topia Twins (Wingman) (Clean - 80BPM),/Users/rohan/Downloads/Music/Travis Scott 12A 80 - Topia Twins (Wingman) (Clean - 80BPM).mp3,Music,Music,0.8922922736648751,Reception Dancefloor%%Must Play,0.054418267013217524,Reception Dancefloor%%Rap,0.029092289136433483
Saweetie-Tap-In-PeteDown-Mix-Clean-100-5A,/Users/rohan/Downloads/Music/Saweetie-Tap-In-PeteDown-Mix-Clean-100-5A.mp3,Reception Dancefloor%%Hip-Hop,Reception Dancefloor%%Hip-Hop,0.5761060007869842,Music,0.3847338053927035,Reception Dancefloor%%Rap,0.02968121552013167
Mark-Villa-Riptide-125-5A,/Users/rohan/Downloads/Music/Mark-Villa-Riptide-125-5A.mp3,Reception Dancefloor%%Pop ␛␛2f Top 40,Reception Dancefloor%%Pop ␛␛2f Top 40,0.6094992387828092,Music,0.3499577936335496,Reception Dancefloor%%Hip-Hop,0.01613377209027079
Teejay-Davido-Drift-Remix-Intro-Clean-100-7A,/Users/rohan/Downloads/Music/Teejay-Davido-Drift-Remix-Intro-Clean-100-7A.mp3,Reception Dancefloor%%Rap,Reception Dancefloor%%Rap,0.6425781737901225,Music,0.3145788495058481,Reception Dancefloor%%Must Play,0.028692273387661532
Cherrelle - I Didn't Mean To Turn You On [80s Redrum] (Intro Edit) (Clean),/Users/rohan/Downloads/Music/Cherrelle - I Didn't Mean To Turn You On [80s Redrum] (Intro Edit) (Clean).mp3,Music,Music,0.8942885323859062,Reception Dancefloor%%Must Play,0.05381745628339638,Reception Dancefloor%%Rap,0.028262324333868712
Meduza-feat.-Goodboys-Piece-Of-Your-Heart-DJ-Dark-MD-DJ-Remix-Radio-Edit-126-2A,/Users/rohan/Downloads/Music/Meduza-feat.-Goodboys-Piece-Of-Your-Heart-DJ-Dark-MD-DJ-Remix-Radio-Edit-126-2A.mp3,Music,Music,0.5409752588689302,Reception Dancefloor%%Must Play,0.37814577591038456,Reception Dancefloor%%Rap,0.04909013735993827
Avvy Sra & Karan Aujla - White Brown Black (Intro),/Users/rohan/Downloads/Music/Avvy Sra & Karan Aujla - White Brown Black (Intro).mp3,Music,Music,0.8233001360994966,Reception Dancefloor%%Must Play,0.07076964816237177,Reception Dancefloor%%Rap,0.05046984347662575
Kisi Disco Mein X Amplifier - Rhythm Flyp (hearthis.at) 2,/Users/rohan/Downloads/Music/Kisi Disco Mein X Amplifier - Rhythm Flyp (hearthis.at) 2.mp3,Reception Dancefloor%%Must Play,Reception Dancefloor%%Must Play,0.7824467618934845,Music,0.21513762629216956,Reception Dancefloor%%Pop ␛␛2f Top 40,0.0024156118143459915
Nina-Sky-Move-Ya-Body-saie-Edit-129-12A,/Users/rohan/Downloads/Music/Nina-Sky-Move-Ya-Body-saie-Edit-129-12A.mp3,Reception Dancefloor%%Must Play,Reception Dancefloor%%Must Play,0.5734400890959723,Music,0.39826805684677913,Reception Dancefloor%%Hip-Hop,0.014187898089171974
Mayur Thakor    RanBaaka Bhathiji   Hits Of Gujarati Song  Jay Shree Ambe Sound,/Users/rohan/Downloads/Music/Mayur Thakor    RanBaaka Bhathiji   Hits Of Gujarati Song  Jay Shree Ambe Sound.mp3,Music,Music,0.9071550860896457,Reception Dancefloor%%Must Play,0.04258972925309069,Reception Dancefloor%%Rap,0.026824697015328212
"Black Eyed Peas, Ozuna & J. Rey Soul - MAMACITA (CK Intro - Clean)","/Users/rohan/Downloads/Music/Black Eyed Peas, Ozuna & J. Rey Soul - MAMACITA (CK Intro - Clean).mp3",Music,Music,0.7781835187629724,Reception Dancefloor%%Must Play,0.20025983339016054,Reception Dancefloor%%Hip-Hop,0.014709963603275707
Pitbull ft Kesha - TIMBER (Francesco Ken x Alessio Centra Remix),/Users/rohan/Downloads/Music/Pitbull ft Kesha - TIMBER (Francesco Ken x Alessio Centra Remix).wav,Music,Music,0.8630569285227178,Reception Dancefloor%%Must Play,0.0724749205057807,Reception Dancefloor%%Rap,0.04229101281856118
41-Kyle-Richh-Jenn-Carter-TaTa-Sexyy-Red-Bent-Remix-Intro-Dirty-124-8A,/Users/rohan/Downloads/Music/41-Kyle-Richh-Jenn-Carter-TaTa-Sexyy-Red-Bent-Remix-Intro-Dirty-124-8A.mp3,Reception Dancefloor%%Hip-Hop,Reception Dancefloor%%Hip-Hop,0.6206129559629212,Music,0.3549069948888423,Reception Dancefloor%%Rap,0.01239514348785872
Jay-Z - Public Service Announcement (Interlude) (CK Intro - Clean),/Users/rohan/Downloads/Music/Jay-Z - Public Service Announcement (Interlude) (CK Intro - Clean).mp3,Music,Music,0.769870939419313,Reception Dancefloor%%Hip-Hop,0.2023766909172684,Reception Dancefloor%%Rap,0.01157378056184044
JOHN LEGEND - ALL OF ME (PAULK 'O BRYANT REMIX) ,/Users/rohan/Downloads/Music/JOHN LEGEND - ALL OF ME (PAULK 'O BRYANT REMIX) .wav,Music,Music,0.8978036548009918,Reception Dancefloor%%Must Play,0.05475197791484149,Reception Dancefloor%%Rap,0.019115780445969125
Soniye Ve (Kismat Konnection) - (Raag.Fm),/Users/rohan/Downloads/Music/Soniye Ve (Kismat Konnection) - (Raag.Fm).mp3,Music,Music,0.8888583355561144,Reception Dancefloor%%Must Play,0.050268059615537514,Reception Dancefloor%%Pop ␛␛2f Top 40,0.03404148011236477
Drake - GIMME A HUG (DJ ROCCO & DJ EVER B Remix) (Dirty),/Users/rohan/Downloads/Music/Drake - GIMME A HUG (DJ ROCCO & DJ EVER B Remix) (Dirty).mp3,Music,Music,0.8180350841416921,Reception Dancefloor%%Rap,0.055784748815461464,Reception Dancefloor%%Hip-Hop,0.053479385696301514
Too Short - Blow The Whistle (Intro) (Dirty),/Users/rohan/Downloads/Music/Too Short - Blow The Whistle (Intro) (Dirty).mp3,Music,Music,0.8883512660450971,Reception Dancefloor%%Rap,0.05679922560243682,Reception Dancefloor%%Hip-Hop,0.027511811619640066
Whole Lotta Lovin (Instrumental),/Users/rohan/Downloads/Music/Whole Lotta Lovin (Instrumental).mp3,Music,Music,0.662621474632679,Reception Dancefloor%%Hip-Hop,0.13523380144648794,Reception Dancefloor%%Must Play,0.10813881336384798
Ne-Yo-Miss-Independent-SMASHA-Edit-90-2A,/Users/rohan/Downloads/Music/Ne-Yo-Miss-Independent-SMASHA-Edit-90-2A.mp3,Music,Music,0.8570336236610357,Reception Dancefloor%%Must Play,0.08534377621074782,Reception Dancefloor%%Rap,0.0505597182394473
Afrojack & Eva Simons vs Third Party - Take Over Control (Frank Williams 2024 Edit) Clean 5B 128,/Users/rohan/Downloads/Music/Afrojack & Eva Simons vs Third Party - Take Over Control (Frank Williams 2024 Edit) Clean 5B 128.mp3,Reception Dancefloor%%Must Play,Reception Dancefloor%%Must Play,0.7080685598146775,Music,0.23627900659981382,Reception Dancefloor%%Pop ␛␛2f Top 40,0.029058575285976634
"Black Eyed Peas, Ozuna & J. Rey Soul - MAMACITA (CK Intro - Dirty)","/Users/rohan/Downloads/Music/Black Eyed Peas, Ozuna & J. Rey Soul - MAMACITA (CK Intro - Dirty).mp3",Reception Dancefloor%%Must Play,Reception Dancefloor%%Must Play,0.5677587881251922,Music,0.41301418889778496,Reception Dancefloor%%Hip-Hop,0.014821428571428572
Kendrick Lamar & SZA - luther (Intro Dirty),/Users/rohan/Downloads/Music/Kendrick Lamar & SZA - luther (Intro Dirty).mp3,Reception Dancefloor%%Must Play,Reception Dancefloor%%Must Play,0.7106999270521744,Music,0.2297593277707582,Reception Dancefloor%%Rap,0.03109388357304862
El-Alfa-4K-QURE-Edit-Dirty-122-2A,/Users/rohan/Downloads/Music/El-Alfa-4K-QURE-Edit-Dirty-122-2A.mp3,Reception Dancefloor%%Rap,Reception Dancefloor%%Rap,0.572335349972277,Music,0.38595522969952056,Reception Dancefloor%%Must Play,0.0233627023639762
Jay-Z - Public Service Announcement (Interlude) (CK Intro - Dirty),/Users/rohan/Downloads/Music/Jay-Z - Public Service Announcement (Interlude) (CK Intro - Dirty).mp3,Reception Dancefloor%%Hip-Hop,Reception Dancefloor%%Hip-Hop,0.5716269721482516,Music,0.4053575002935932,Reception Dancefloor%%Must Play,0.011256366879355682
Day-N-Nite-Sosa-2021-Edit-Intro,/Users/rohan/Downloads/Music/Day-N-Nite-Sosa-2021-Edit-Intro.mp3,Reception Dancefloor%%Must Play,Reception Dancefloor%%Must Play,0.6987151839749255,Music,0.20232146572164025,Reception Dancefloor%%Hip-Hop,0.058284288153893055
Melii-feat.-A-Boogie-Wit-Da-Hoodie-HML-Intro-Dirty-100-12A,/Users/rohan/Downloads/Music/Melii-feat.-A-Boogie-Wit-Da-Hoodie-HML-Intro-Dirty-100-12A.mp3,Music,Music,0.5166891987709599,Reception Dancefloor%%Must Play,0.21426046361325343,Reception Dancefloor%%Hip-Hop,0.10057229432112554
John-Summit-Hayla-Where-You-Are-Radio-Edit-126-8A,/Users/rohan/Downloads/Music/John-Summit-Hayla-Where-You-Are-Radio-Edit-126-8A.mp3,Reception Dancefloor%%Hip-Hop,Reception Dancefloor%%Hip-Hop,0.5780981203499473,Music,0.3829582485255034,Reception Dancefloor%%Must Play,0.022080410940485056
HUGEL-SOLTO-FR-Jamaican-Bam-Bam-ATCG-Edit-128-8A,/Users/rohan/Downloads/Music/HUGEL-SOLTO-FR-Jamaican-Bam-Bam-ATCG-Edit-128-8A.mp3,Reception Dancefloor%%Rap,Reception Dancefloor%%Rap,0.6369698242783596,Music,0.3264634449446239,Reception Dancefloor%%Must Play,0.017953192850394793
Natasha Bedingfield - These Words (Sickmix Intro) (Clean) 97,/Users/rohan/Downloads/Music/Natasha Bedingfield - These Words (Sickmix Intro) (Clean) 97.mp3,Music,Music,0.9247099107992105,Reception Dancefloor%%Must Play,0.050124239307346864,Reception Dancefloor%%Rap,0.01837725689272857
Drake - GIMME A HUG (DJ ROCCO & DJ EVER B Remix) (Clean),/Users/rohan/Downloads/Music/Drake - GIMME A HUG (DJ ROCCO & DJ EVER B Remix) (Clean).mp3,Music,Music,0.831981541994293,Reception Dancefloor%%Rap,0.05078474881546146,Reception Dancefloor%%Hip-Hop,0.04663368829997463
HUGEL - WTF - Tujamo Remix (Dirty),/Users/rohan/Downloads/Music/HUGEL - WTF - Tujamo Remix (Dirty).mp3,Reception Dancefloor%%Hip-Hop,Reception Dancefloor%%Hip-Hop,0.6583789620421737,Music,0.19207721522744606,Reception Dancefloor%%Pop ␛␛2f Top 40,0.06630959474256226
Shubh - Cheques (Intro),/Users/rohan/Downloads/Music/Shubh - Cheques (Intro).mp3,Reception Dancefloor%%Hip-Hop,Reception Dancefloor%%Hip-Hop,0.6033580100655241,Music,0.37613843052447166,Reception Dancefloor%%Must Play,0.01326011239288964
Keke Do You Love Me | Desi Dhol Mix | Drake | In My Feelings | Bhangra Song | Viral Song 2018,/Users/rohan/Downloads/Music/Keke Do You Love Me | Desi Dhol Mix | Drake | In My Feelings | Bhangra Song | Viral Song 2018.m4a,Music,Music,0.9115498944553921,Reception Dancefloor%%Must Play,0.03970232404609715,Reception Dancefloor%%Rap,0.02430985320466036
Too Short - Blow The Whistle (Intro) (Clean),/Users/rohan/Downloads/Music/Too Short - Blow The Whistle (Intro) (Clean).mp3,Music,Music,0.8856241130892906,Reception Dancefloor%%Rap,0.05030263247194405,Reception Dancefloor%%Must Play,0.04071144173201355
Nelly - Ride Wit Me (Clean Intro),/Users/rohan/Downloads/Music/Nelly - Ride Wit Me (Clean Intro).mp3,Reception Dancefloor%%Must Play,Reception Dancefloor%%Must Play,0.5950077980008224,Music,0.3687802106330299,Reception Dancefloor%%Rap,0.024901541254179017
Justin-Bieber-YUKON-DJU-DJU-Remix-102-11A,/Users/rohan/Downloads/Music/Justin-Bieber-YUKON-DJU-DJU-Remix-102-11A.mp3,Reception Dancefloor%%Rap,Reception Dancefloor%%Rap,0.5527315666043815,Music,0.40622702629748864,Reception Dancefloor%%Must Play,0.03411218736971228
Hero (MetroMix),/Users/rohan/Downloads/Music/Hero (MetroMix).mp3,Reception Dancefloor%%Must Play,Reception Dancefloor%%Must Play,0.5879438539949241,Music,0.3723337214542527,Reception Dancefloor%%Hip-Hop,0.01766683944875455
"The Chainsmokers, Jonita Gandhi, Guru Randhawa - Addicted (ਆਦੀ) feat Zerb, Ink","/Users/rohan/Downloads/Music/The Chainsmokers, Jonita Gandhi, Guru Randhawa - Addicted (ਆਦੀ) feat Zerb, Ink.mp3",Music,Music,0.8605544019097979,Reception Dancefloor%%Must Play,0.06316036422644059,Reception Dancefloor%%Hip-Hop,0.042789978921678976
Aaj Ki Raat - PagalHits,/Users/rohan/Downloads/Music/Aaj Ki Raat - PagalHits.mp3,Music,Music,0.6887552764543241,Reception Dancefloor%%Must Play,0.20413237500771242,Reception Dancefloor%%Rap,0.06792140456326194
"Chani Nattan, Miss Pooja ft. Inderpal Moga - Case (DJcity Intro)","/Users/rohan/Downloads/Music/Chani Nattan, Miss Pooja ft. Inderpal Moga - Case (DJcity Intro).mp3",Music,Music,0.6465424833130831,Reception Dancefloor%%Must Play,0.13550252828429657,Reception Dancefloor%%Rap,0.10163856398726426
Travis Scott - Highest In The Room (Falquiat Remix),/Users/rohan/Downloads/Music/Travis Scott - Highest In The Room (Falquiat Remix).mp3,Music,Music,0.8589439891902859,Reception Dancefloor%%Rap,0.05674099084393546,Reception Dancefloor%%Hip-Hop,0.048785767678351036
Rihanna-Pour-It-Up-Kira-Edit-Clean-135-11A,/Users/rohan/Downloads/Music/Rihanna-Pour-It-Up-Kira-Edit-Clean-135-11A.mp3,Reception Dancefloor%%Rap,Reception Dancefloor%%Rap,0.6204985298432544,Music,0.3522179067389842,Reception Dancefloor%%Must Play,0.017569277703475703
Kendrick Lamar - Not Like Us (CK Intro - Clean) 9A 101 (2),/Users/rohan/Downloads/Music/Kendrick Lamar - Not Like Us (CK Intro - Clean) 9A 101 (2).mp3,Music,Music,0.8970502662956423,Reception Dancefloor%%Hip-Hop,0.05293503489103107,Reception Dancefloor%%Must Play,0.03575630666053447
Brent-Faiyaz-Tommy-Richman-FELIX-Upset-Intro-Clean-68-12A,/Users/rohan/Downloads/Music/Brent-Faiyaz-Tommy-Richman-FELIX-Upset-Intro-Clean-68-12A.mp3,Music,Music,0.8311362443442404,Reception Dancefloor%%Hip-Hop,0.06777015434044112,Reception Dancefloor%%Must Play,0.06534415557889765
Pump Up The Jam (Intro - Clean),/Users/rohan/Downloads/Music/Pump Up The Jam (Intro - Clean).mp3,Reception Dancefloor%%Must Play,Reception Dancefloor%%Must Play,0.5670047117960368,Music,0.40311067384777927,Reception Dancefloor%%Rap,0.014084277270185458
Simen-Sez-Champagne-Navajo-114,/Users/rohan/Downloads/Music/Simen-Sez-Champagne-Navajo-114.mp3,Reception Dancefloor%%Pop ␛␛2f Top 40,Reception Dancefloor%%Pop ␛␛2f Top 40,0.6541466922951158,Music,0.30778737336779655,Reception Dancefloor%%Must Play,0.02120828062664202
Taylor Swift - Love Story (C-Mireles Disco Remix)1 126,/Users/rohan/Downloads/Music/Taylor Swift - Love Story (C-Mireles Disco Remix)1 126.mp3,Music,Music,0.8942364155472872,Reception Dancefloor%%Must Play,0.046381371338716636,Reception Dancefloor%%Rap,0.039667398664086695
Tegi Pannu - Schedule (Intro),/Users/rohan/Downloads/Music/Tegi Pannu - Schedule (Intro).mp3,Music,Music,0.8345851769194781,Reception Dancefloor%%Must Play,0.08315300253951925,Reception Dancefloor%%Rap,0.06924812475278676
Flo Milli  - Never Lose Me (Intro Dirty),/Users/rohan/Downloads/Music/Flo Milli  - Never Lose Me (Intro Dirty).mp3,Music,Music,0.8122936386030024,Reception Dancefloor%%Must Play,0.18160415661448406,Reception Dancefloor%%Hip-Hop,0.004248756506651244
The Weeknd - Give Me Mercy [Intro Clean],/Users/rohan/Downloads/Music/The Weeknd - Give Me Mercy [Intro Clean].mp3,Reception Dancefloor%%Must Play,Reception Dancefloor%%Must Play,0.5680381864485162,Music,0.4064659647595581,Reception Dancefloor%%Hip-Hop,0.01826895803562302
Chunari Chunari (00's mix) - 1B - 130,/Users/rohan/Downloads/Music/Chunari Chunari (00's mix) - 1B - 130.mp3,Reception Dancefloor%%Rap,Reception Dancefloor%%Rap,0.6105113992922583,Music,0.3243180348800982,Reception Dancefloor%%Must Play,0.0348817059208774
Vybz Kartel - Fever - DJ Lub's Remix (Dirty),/Users/rohan/Downloads/Music/Vybz Kartel - Fever - DJ Lub's Remix (Dirty).mp3,Music,Music,0.8844293708002233,Reception Dancefloor%%Must Play,0.06661255972238583,Reception Dancefloor%%Hip-Hop,0.03698077912851841
Jay-Z & Kanye West - Niggas In Paris (CK Intro - Dirty),/Users/rohan/Downloads/Music/Jay-Z & Kanye West - Niggas In Paris (CK Intro - Dirty).mp3,Reception Dancefloor%%Hip-Hop,Reception Dancefloor%%Hip-Hop,0.5832784139154811,Music,0.37609137736282766,Reception Dancefloor%%Must Play,0.0195704102453068
Tesher - Mi Gente x Badtameez Dil,/Users/rohan/Downloads/Music/Tesher - Mi Gente x Badtameez Dil.mp3,Music,Music,0.8492941037551135,Reception Dancefloor%%Must Play,0.09323752838083799,Reception Dancefloor%%Rap,0.02467915847394109
"PARTYNEXTDOOR, Drake - SOMEBODY LOVES ME (esentrik edit) (Dirty)","/Users/rohan/Downloads/Music/PARTYNEXTDOOR, Drake - SOMEBODY LOVES ME (esentrik edit) (Dirty).mp3",Music,Music,0.5685326546796204,Reception Dancefloor%%Hip-Hop,0.20161037499492857,Reception Dancefloor%%Must Play,0.14577066210777326
IN PARIS (Jiinio Remix),/Users/rohan/Downloads/Music/IN PARIS (Jiinio Remix).mp3,Music,Music,0.6923648224167119,Reception Dancefloor%%Must Play,0.1653467905686151,Reception Dancefloor%%Rap,0.08771653222058066
Karan Aujla & MXRCI - Winning Speech - DJ Nick Dhillon Desi Edit,/Users/rohan/Downloads/Music/Karan Aujla & MXRCI - Winning Speech - DJ Nick Dhillon Desi Edit.mp3,Music,Music,0.8768476483535843,Reception Dancefloor%%Must Play,0.0674999912972502,Reception Dancefloor%%Hip-Hop,0.04124608893748956
Nicki-Minaj-FTCU-Booty-Patrol-Remix-Dirty-140-2A,/Users/rohan/Downloads/Music/Nicki-Minaj-FTCU-Booty-Patrol-Remix-Dirty-140-2A.mp3,Reception Dancefloor%%Rap,Reception Dancefloor%%Rap,0.5852342472815445,Music,0.347850583831661,Reception Dancefloor%%Must Play,0.045007882205272666
Waka Flocka Flame ft Wale & Roscoe Dash - No Hands (Club Killers Remix Epic In) Clean CK Cut 12A 140,/Users/rohan/Downloads/Music/Waka Flocka Flame ft Wale & Roscoe Dash - No Hands (Club Killers Remix Epic In) Clean CK Cut 12A 140.mp3,Reception Dancefloor%%Must Play,Reception Dancefloor%%Must Play,0.5620938246772208,Music,0.3915501477632177,Reception Dancefloor%%Hip-Hop,0.0320626303702705
Drake - Childs Play (Clean),/Users/rohan/Downloads/Music/Drake - Childs Play (Clean).mp3,Music,Music,0.8094226917515741,Reception Dancefloor%%Hip-Hop,0.10204319286285715,Reception Dancefloor%%Must Play,0.061039137468989244
Jack-Harlow-Lovin-On-Me-Hiram-Edit-Dirty-113-6A,/Users/rohan/Downloads/Music/Jack-Harlow-Lovin-On-Me-Hiram-Edit-Dirty-113-6A.mp3,Reception Dancefloor%%Rap,Reception Dancefloor%%Rap,0.6368597550202538,Music,0.3393149356544547,Reception Dancefloor%%Must Play,0.02169721015173782
B.O.B. - Airplanes (Zero Tolerance Remix)[Clean],/Users/rohan/Downloads/Music/B.O.B. - Airplanes (Zero Tolerance Remix)[Clean].mp3,Music,Music,0.7973635455383337,Reception Dancefloor%%Must Play,0.10393426329294421,Reception Dancefloor%%Pop ␛␛2f Top 40,0.03637437486132213
Pakka-Local-MassTamilan.dev,/Users/rohan/Downloads/Music/Pakka-Local-MassTamilan.dev.mp3,Music,Music,0.8504796716878716,Reception Dancefloor%%Rap,0.06108708177009414,Reception Dancefloor%%Must Play,0.0335869412476213
Karan Aujla Feat. Nora Fatehi - Aaye Haaye,/Users/rohan/Downloads/Music/Karan Aujla Feat. Nora Fatehi - Aaye Haaye.mp3,Music,Music,0.8636519213157497,Reception Dancefloor%%Must Play,0.05028207999401071,Reception Dancefloor%%Pop ␛␛2f Top 40,0.03708666921828083
Neel S Chhabra - Ho Gaya Sharabi (Neel S Chhabra Revibe),/Users/rohan/Downloads/Music/Neel S Chhabra - Ho Gaya Sharabi (Neel S Chhabra Revibe).mp3,Music,Music,0.8463089478884175,Reception Dancefloor%%Rap,0.07195433184641602,Reception Dancefloor%%Hip-Hop,0.04993239241445793
Akon  -  Don't Matter (Intro),/Users/rohan/Downloads/Music/Akon  -  Don't Matter (Intro).mp3,Reception Dancefloor%%Hip-Hop,Reception Dancefloor%%Hip-Hop,0.5892289216093719,Music,0.35932215636148973,Reception Dancefloor%%Must Play,0.039135021980678995
08 Pehli Nazar (desiton),/Users/rohan/Downloads/Music/08 Pehli Nazar (desiton).mp3,Music,Music,0.6344035841915817,Reception Dancefloor%%Hip-Hop,0.1588348665345058,Reception Dancefloor%%Must Play,0.10589391331637547
TLC - No Scrubs (2),/Users/rohan/Downloads/Music/TLC - No Scrubs (2).mp3,Music,Music,0.8585973169394785,Reception Dancefloor%%Must Play,0.06938488846040614,Reception Dancefloor%%Rap,0.037227479281382723
Daddy Yankee - Con Calma - Da Phonk Club Edit,/Users/rohan/Downloads/Music/Daddy Yankee - Con Calma - Da Phonk Club Edit.mp3,Reception Dancefloor%%Must Play,Reception Dancefloor%%Must Play,0.5511766693183292,Music,0.39330943102081206,Reception Dancefloor%%Hip-Hop,0.026761993238155476
Kendrick Lamar Ft. Sza - Luther (Intro Clean) 138,/Users/rohan/Downloads/Music/Kendrick Lamar Ft. Sza - Luther (Intro Clean) 138.mp3,Reception Dancefloor%%Must Play,Reception Dancefloor%%Must Play,0.5468328347762604,Music,0.34181667027743984,Reception Dancefloor%%Rap,0.0706502315237906
Notorious B.I.G ft 112 - Sky's The Limit (Clean),/Users/rohan/Downloads/Music/Notorious B.I.G ft 112 - Sky's The Limit (Clean).mp3,Music,Music,0.892460911484316,Reception Dancefloor%%Must Play,0.06801654878024842,Reception Dancefloor%%Rap,0.025095092946391215
Billie Eilish - Ocean Eyes,/Users/rohan/Downloads/Music/Billie Eilish - Ocean Eyes.mp3,Reception Dancefloor%%Must Play,Reception Dancefloor%%Must Play,0.6029879361576852,Music,0.36833259242737804,Reception Dancefloor%%Hip-Hop,0.011642152365422384
Martin Garrix - Animals (Intro Edit) (Clean) 127,/Users/rohan/Downloads/Music/Martin Garrix - Animals (Intro Edit) (Clean) 127.mp3,Music,Music,0.864877651009845,Reception Dancefloor%%Must Play,0.058372230959677134,Reception Dancefloor%%Rap,0.043763013804508616
JRK - Aaja Maria 98 8A,/Users/rohan/Downloads/Music/JRK - Aaja Maria 98 8A.mp3,Reception Dancefloor%%Must Play,Reception Dancefloor%%Must Play,0.6836300515830734,Music,0.23473488110900573,Reception Dancefloor%%Hip-Hop,0.05687037679578528
086. Brett Young - Lady,/Users/rohan/Downloads/Music/086. Brett Young - Lady.mp3,Music,Music,0.570169475451995,Reception Dancefloor%%Hip-Hop,0.1858333952981441,Reception Dancefloor%%Must Play,0.1408106151368931
Kendrick Lamar & SZA - All The Stars (Intro - Clean),/Users/rohan/Downloads/Music/Kendrick Lamar & SZA - All The Stars (Intro - Clean).mp3,Music,Music,0.9302295761555369,Reception Dancefloor%%Must Play,0.02694648224423912,Reception Dancefloor%%Hip-Hop,0.023104029337919742
Soulja-Boy-feat.-Sammie-Kiss-Me-Thru-The-Phone-Cody-Ko-Remix-135-2A,/Users/rohan/Downloads/Music/Soulja-Boy-feat.-Sammie-Kiss-Me-Thru-The-Phone-Cody-Ko-Remix-135-2A.mp3,Music,Music,0.8490312201146912,Reception Dancefloor%%Must Play,0.06056320865734291,Reception Dancefloor%%Pop ␛␛2f Top 40,0.049010825830173896
A Boogie With Da Hoodie - Jungle (Collini Electronic Pulse Redrum Edit) (Dirty) 6A 95,/Users/rohan/Downloads/Music/A Boogie With Da Hoodie - Jungle (Collini Electronic Pulse Redrum Edit) (Dirty) 6A 95.mp3,Reception Dancefloor%%Hip-Hop,Reception Dancefloor%%Hip-Hop,0.5948551006766416,Music,0.37961139686759376,Reception Dancefloor%%Must Play,0.018371055198380653
P-Square - Personally (AZ DJ Melo Edit),/Users/rohan/Downloads/Music/P-Square - Personally (AZ DJ Melo Edit).mp3,Music,Music,0.8521441139318351,Reception Dancefloor%%Rap,0.08554967889870939,Reception Dancefloor%%Must Play,0.05387543886309842
Macklemore & Ryan Lewis ft. Ray Dalton - Can't Hold Us - Richastic Remix (Intro - Clean),/Users/rohan/Downloads/Music/Macklemore & Ryan Lewis ft. Ray Dalton - Can't Hold Us - Richastic Remix (Intro - Clean).mp3,Reception Dancefloor%%Must Play,Reception Dancefloor%%Must Play,0.5050441954219409,Music,0.4861470517588259,Reception Dancefloor%%Hip-Hop,0.006457104467584816
Where Do You Go (Ocean Drive Mix - 127 BPM),/Users/rohan/Downloads/Music/Where Do You Go (Ocean Drive Mix - 127 BPM).mp3,Reception Dancefloor%%Must Play,Reception Dancefloor%%Must Play,0.5746254223691255,Music,0.3922666426957975,Reception Dancefloor%%Hip-Hop,0.020767025844167845
Lirico En La Casa - El Motorcito (Intro - Clean) 4A 118,/Users/rohan/Downloads/Music/Lirico En La Casa - El Motorcito (Intro - Clean) 4A 118.mp3,Reception Dancefloor%%Must Play,Reception Dancefloor%%Must Play,0.5762067936588826,Music,0.40314328595102356,Reception Dancefloor%%Hip-Hop,0.008795343377029936
Rihanna - Dont Stop The Music (Afro-House) 123 Bpm 123,/Users/rohan/Downloads/Music/Rihanna - Dont Stop The Music (Afro-House) 123 Bpm 123.mp3,Reception Dancefloor%%Must Play,Reception Dancefloor%%Must Play,0.606758856666167,Music,0.3495587243955739,Reception Dancefloor%%Rap,0.039327995069945956
Beyoncé - Crazy In Love (Steve D Redrum)[CLEAN],/Users/rohan/Downloads/Music/Beyoncé - Crazy In Love (Steve D Redrum)[CLEAN].mp3,Reception Dancefloor%%Must Play,Reception Dancefloor%%Must Play,0.5817678318845755,Music,0.39276597685291315,Reception Dancefloor%%Rap,0.018807777060543783
Tyla - Water (CK Intro - Clean) 3A 117,/Users/rohan/Downloads/Music/Tyla - Water (CK Intro - Clean) 3A 117.mp3,Reception Dancefloor%%Rap,Reception Dancefloor%%Rap,0.5544291193126202,Music,0.3822301998920004,Reception Dancefloor%%Must Play,0.04270393856507328
Don-Toliver-FWU-RED-SIP-Remix-Dirty-132-5A,/Users/rohan/Downloads/Music/Don-Toliver-FWU-RED-SIP-Remix-Dirty-132-5A.mp3,Reception Dancefloor%%Rap,Reception Dancefloor%%Rap,0.6190589670407673,Music,0.3591427732201006,Reception Dancefloor%%Hip-Hop,0.012540335956598125
Drake & Central Cee - Which One - Trayze Remix (Clean),/Users/rohan/Downloads/Music/Drake & Central Cee - Which One - Trayze Remix (Clean).mp3,Reception Dancefloor%%Hip-Hop,Reception Dancefloor%%Hip-Hop,0.6883385903592049,Music,0.3069532384345695,Reception Dancefloor%%Rap,0.0025
Drake - Virginia Beach (Intro Dirty),/Users/rohan/Downloads/Music/Drake - Virginia Beach (Intro Dirty).mp3,Music,Music,0.9503211056137546,Reception Dancefloor%%Must Play,0.022052721332327493,Reception Dancefloor%%Rap,0.014018243499559692
"Bruno Mars & Sexyy Red - Fat, Juicy, & Wet (DJ ROCCO & DJ EVER B R&B Remix) (Clean)","/Users/rohan/Downloads/Music/Bruno Mars & Sexyy Red - Fat, Juicy, & Wet (DJ ROCCO & DJ EVER B R&B Remix) (Clean).mp3",Reception Dancefloor%%Hip-Hop,Reception Dancefloor%%Hip-Hop,0.5738437570968106,Music,0.3431084431714785,Reception Dancefloor%%Must Play,0.05254418423217328
Moliy & Silent Addy ft. Skillibeng & Shenseea - Shake It To The Max (FLY) - MarkCutz Miami Bass Remix (Intro - Clean),/Users/rohan/Downloads/Music/Moliy & Silent Addy ft. Skillibeng & Shenseea - Shake It To The Max (FLY) - MarkCutz Miami Bass Remix (Intro - Clean).mp3,Reception Dancefloor%%Must Play,Reception Dancefloor%%Must Play,0.5632121997337672,Music,0.3987675275048208,Reception Dancefloor%%Hip-Hop,0.023934782988234662
Bryson Tiller Don´t (FNKY Remix),/Users/rohan/Downloads/Music/Bryson Tiller Don´t (FNKY Remix).mp3,Music,Music,0.8519240629206302,Reception Dancefloor%%Must Play,0.08616264572256382,Reception Dancefloor%%Hip-Hop,0.03772885298815728
Calvin Harris - Summer (Starjack Epic Redrum)[Clean],/Users/rohan/Downloads/Music/Calvin Harris - Summer (Starjack Epic Redrum)[Clean].mp3,Reception Dancefloor%%Must Play,Reception Dancefloor%%Must Play,0.5741108759829773,Music,0.3733983013941249,Reception Dancefloor%%Pop ␛␛2f Top 40,0.029565132250150547
Destiny&#039;s Child - Say My Name (2),/Users/rohan/Downloads/Music/Destiny&#039;s Child - Say My Name (2).mp3,Music,Music,0.8931718592348972,Reception Dancefloor%%Must Play,0.061534233781976,Reception Dancefloor%%Pop ␛␛2f Top 40,0.017252494429168538
Roshan Prince - Look - Deejay JSG Remix,/Users/rohan/Downloads/Music/Roshan Prince - Look - Deejay JSG Remix.mp3,Music,Music,0.8785214339667546,Reception Dancefloor%%Must Play,0.07408386180642354,Reception Dancefloor%%Pop ␛␛2f Top 40,0.02160775306919051
Suave - El Alfa - LeXeDIT - Dembow Horn Intro - Outro - 120 Bpm,/Users/rohan/Downloads/Music/Suave - El Alfa - LeXeDIT - Dembow Horn Intro - Outro - 120 Bpm.mp3,Music,Music,0.838434894039707,Reception Dancefloor%%Hip-Hop,0.0704260005608419,Reception Dancefloor%%Must Play,0.05280076968796599
Bryson Tiller - Whatever She Wants (Dirty),/Users/rohan/Downloads/Music/Bryson Tiller - Whatever She Wants (Dirty).mp3,Music,Music,0.8432699573043376,Reception Dancefloor%%Must Play,0.07636388740146423,Reception Dancefloor%%Hip-Hop,0.0466797590664679
Baby Bash - Suga Suga (Clean Intro) 83,/Users/rohan/Downloads/Music/Baby Bash - Suga Suga (Clean Intro) 83.mp3,Reception Dancefloor%%Must Play,Reception Dancefloor%%Must Play,0.6649611803129782,Music,0.22785557877007676,Reception Dancefloor%%Rap,0.04930392180751029
Rufus-Du-Sol-Innerbloom-Franz-Ragga-2021-Mix-127-6A,/Users/rohan/Downloads/Music/Rufus-Du-Sol-Innerbloom-Franz-Ragga-2021-Mix-127-6A.mp3,Music,Music,0.604597946108362,Reception Dancefloor%%Must Play,0.2104155330032208,Reception Dancefloor%%Rap,0.11990564997552382
Don Toliver & Speedy – LV Bag (DJ ROCCO & DJ EVER B Remix) (Dirty),/Users/rohan/Downloads/Music/Don Toliver & Speedy – LV Bag (DJ ROCCO & DJ EVER B Remix) (Dirty).mp3,Music,Music,0.5452234309832804,Reception Dancefloor%%Hip-Hop,0.1865739942772941,Reception Dancefloor%%Must Play,0.1324110575253819
54- Axwell __ Ingrosso - More Than You Know,/Users/rohan/Downloads/Music/54- Axwell __ Ingrosso - More Than You Know.mp3,Music,Music,0.819368685771606,Reception Dancefloor%%Must Play,0.09434289572280656,Reception Dancefloor%%Hip-Hop,0.04055392967093237
Future Ft. Drake - Where Ya At (Dirty Intro) 108,/Users/rohan/Downloads/Music/Future Ft. Drake - Where Ya At (Dirty Intro) 108.mp3,Reception Dancefloor%%Hip-Hop,Reception Dancefloor%%Hip-Hop,0.6179424518888595,Music,0.3607604848903203,Reception Dancefloor%%Rap,0.014164987749122232
Central Cee feat. Lil Durk - Truth in the Lies (DJ ROCCO & DJ EVER B Remix) (Clean),/Users/rohan/Downloads/Music/Central Cee feat. Lil Durk - Truth in the Lies (DJ ROCCO & DJ EVER B Remix) (Clean).mp3,Music,Music,0.8631735312154284,Reception Dancefloor%%Rap,0.07400214851410222,Reception Dancefloor%%Must Play,0.03074634445660795
Baby (NOAYDI Afro House Remix) Extended,/Users/rohan/Downloads/Music/Baby (NOAYDI Afro House Remix) Extended.wav,Music,Music,0.8509433533414225,Reception Dancefloor%%Must Play,0.07799707442134005,Reception Dancefloor%%Hip-Hop,0.04313270916567892
Radha (Student Of The Year) - (Raag.Fm),/Users/rohan/Downloads/Music/Radha (Student Of The Year) - (Raag.Fm).mp3,Music,Music,0.8311149362574688,Reception Dancefloor%%Must Play,0.11717342483688642,Reception Dancefloor%%Hip-Hop,0.023140954133797992
"Bran, Afronom, Mannymore - Lugar Favorito 120","/Users/rohan/Downloads/Music/Bran, Afronom, Mannymore - Lugar Favorito 120.mp3",Reception Dancefloor%%Must Play,Reception Dancefloor%%Must Play,0.5920470984013564,Music,0.3802431866348789,Reception Dancefloor%%Rap,0.014196638873675529
Pitbull - Guantanamera (She's Hot) - Alex Selas Alors On Danse Remix,/Users/rohan/Downloads/Music/Pitbull - Guantanamera (She's Hot) - Alex Selas Alors On Danse Remix.mp3,Reception Dancefloor%%Must Play,Reception Dancefloor%%Must Play,0.5836112786119249,Music,0.40577051350984084,Reception Dancefloor%%Rap,0.008118207878234246
Avish Jain performance music,/Users/rohan/Downloads/Music/Avish Jain performance music.mp3,Music,Music,0.8437535845928408,Reception Dancefloor%%Must Play,0.07037605355375103,Reception Dancefloor%%Hip-Hop,0.04007156410762111
Tory Lanez & Ozuna - Pa Mi [Intro - Clean],/Users/rohan/Downloads/Music/Tory Lanez & Ozuna - Pa Mi [Intro - Clean].mp3,Music,Music,0.8688208566534555,Reception Dancefloor%%Must Play,0.06974032114264739,Reception Dancefloor%%Rap,0.02458636133277636
Right Now (FaceTyme Remix) 132 Ebm (1),/Users/rohan/Downloads/Music/Right Now (FaceTyme Remix) 132 Ebm (1).mp3,Music,Music,0.855955899615071,Reception Dancefloor%%Must Play,0.062485467330873234,Reception Dancefloor%%Hip-Hop,0.040674311158009624
The Weeknd - The Hills - Diego Druck Remix (Dirty),/Users/rohan/Downloads/Music/The Weeknd - The Hills - Diego Druck Remix (Dirty).mp3,Reception Dancefloor%%Rap,Reception Dancefloor%%Rap,0.5994552906901355,Music,0.3602095529333399,Reception Dancefloor%%Must Play,0.03147255702415483
London Thumakda x Can't Hold Us v5,/Users/rohan/Downloads/Music/London Thumakda x Can't Hold Us v5.mp3,Music,Music,0.8378814019054708,Reception Dancefloor%%Must Play,0.09515484101523249,Reception Dancefloor%%Rap,0.028267709139516164
Central Cee feat. Lil Durk - Truth in the Lies (DJ ROCCO & DJ EVER B Remix) (Dirty),/Users/rohan/Downloads/Music/Central Cee feat. Lil Durk - Truth in the Lies (DJ ROCCO & DJ EVER B Remix) (Dirty).mp3,Music,Music,0.866284816380403,Reception Dancefloor%%Rap,0.06204567078130871,Reception Dancefloor%%Must Play,0.034636121232965104
HUGEL-Nicone-Sascha-Braemer-Tony-Romera-feat.-Mydoz-Caje-124-4A,/Users/rohan/Downloads/Music/HUGEL-Nicone-Sascha-Braemer-Tony-Romera-feat.-Mydoz-Caje-124-4A.mp3,Reception Dancefloor%%Must Play,Reception Dancefloor%%Must Play,0.5812000699132455,Music,0.4090630879814917,Reception Dancefloor%%Hip-Hop,0.0075
Disco-Lines-Tinashe-No-Broke-Boys-Clean-131-1A,/Users/rohan/Downloads/Music/Disco-Lines-Tinashe-No-Broke-Boys-Clean-131-1A.mp3,Reception Dancefloor%%Rap,Reception Dancefloor%%Rap,0.6120586002085007,Music,0.3244626033237654,Reception Dancefloor%%Must Play,0.03875600877666076
Timbaland - The Way I Are (Higher Lane & HLX Afro Remix),/Users/rohan/Downloads/Music/Timbaland - The Way I Are (Higher Lane & HLX Afro Remix).wav,Music,Music,0.842234086465248,Reception Dancefloor%%Hip-Hop,0.07122432331128571,Reception Dancefloor%%Rap,0.04712809711013584
Rebecca - Ryan Castro - Dj Wilmer Duran - Reggaeton Intro Break & Outro - 95bpm,/Users/rohan/Downloads/Music/Rebecca - Ryan Castro - Dj Wilmer Duran - Reggaeton Intro Break & Outro - 95bpm.mp3,Music,Music,0.8432637108391359,Reception Dancefloor%%Must Play,0.08108157714062965,Reception Dancefloor%%Rap,0.028214454335848148
ASAP Ferg - Plain Jane (CK Intro - Clean) 2A 85,/Users/rohan/Downloads/Music/ASAP Ferg - Plain Jane (CK Intro - Clean) 2A 85.mp3,Music,Music,0.5526208185836162,Reception Dancefloor%%Hip-Hop,0.24073312206502703,Reception Dancefloor%%Rap,0.1111207683363464
Na Na Na Re full song,/Users/rohan/Downloads/Music/Na Na Na Re full song.mp3,Reception Dancefloor%%Must Play,Reception Dancefloor%%Must Play,0.5291226570229335,Music,0.43176023984269846,Reception Dancefloor%%Rap,0.016936809767867714
Shake it to 'O Sajna' (Intro - Clean),/Users/rohan/Downloads/Music/Shake it to 'O Sajna' (Intro - Clean).mp3,Music,Music,0.5742558698374954,Reception Dancefloor%%Must Play,0.17325710589226712,Reception Dancefloor%%Rap,0.13727862892683815
FISHER & Jennifer Lopez - Waiting For Tonight - Mark Anthony Show Me Love Edit,/Users/rohan/Downloads/Music/FISHER & Jennifer Lopez - Waiting For Tonight - Mark Anthony Show Me Love Edit.mp3,Reception Dancefloor%%Rap,Reception Dancefloor%%Rap,0.5980617044877516,Music,0.3559514241412852,Reception Dancefloor%%Must Play,0.0434868713709628
133. The Black Eyed Peas - I Gotta Feeling (Intro - Clean) Ck Cut,/Users/rohan/Downloads/Music/133. The Black Eyed Peas - I Gotta Feeling (Intro - Clean) Ck Cut.mp3,Reception Dancefloor%%Must Play,Reception Dancefloor%%Must Play,0.540821584310657,Music,0.4178679368841147,Reception Dancefloor%%Rap,0.024238555762883765
Cymatics - White Noise Uplifter 9,/Users/rohan/Downloads/Music/Cymatics - White Noise Uplifter 9.wav,Music,Music,0.8588696045374188,Reception Dancefloor%%Rap,0.0716812555317551,Reception Dancefloor%%Must Play,0.054736025176727716
Siangyoo (Snooze),/Users/rohan/Downloads/Music/Siangyoo (Snooze).mp3,Music,Music,0.8713436027557043,Reception Dancefloor%%Must Play,0.07174111383040647,Reception Dancefloor%%Rap,0.022915290836852186
Kanye West - Cant Tell Me Nothing (Intro - Clean),/Users/rohan/Downloads/Music/Kanye West - Cant Tell Me Nothing (Intro - Clean).mp3,Reception Dancefloor%%Hip-Hop,Reception Dancefloor%%Hip-Hop,0.5799531903913313,Music,0.3844693425918222,Reception Dancefloor%%Must Play,0.028383589465826007
Travis Scott - Antidote (CK Intro - Dirty) 2A 65,/Users/rohan/Downloads/Music/Travis Scott - Antidote (CK Intro - Dirty) 2A 65.mp3,Reception Dancefloor%%Hip-Hop,Reception Dancefloor%%Hip-Hop,0.7574412539058164,Music,0.18544263443561132,Reception Dancefloor%%Must Play,0.029140321095722493
Drake - What Did I Miss (CK Intro - Clean) 7A 64,/Users/rohan/Downloads/Music/Drake - What Did I Miss (CK Intro - Clean) 7A 64.mp3,Music,Music,0.8692685365029378,Reception Dancefloor%%Pop ␛␛2f Top 40,0.043545977824756096,Reception Dancefloor%%Must Play,0.03888929546494252
Killer Mike - HUMBLE ME (CK Intro - Clean) 4A 69,/Users/rohan/Downloads/Music/Killer Mike - HUMBLE ME (CK Intro - Clean) 4A 69.mp3,Music,Music,0.8778358218052947,Reception Dancefloor%%Hip-Hop,0.05709311864114525,Reception Dancefloor%%Rap,0.03574833775760652
"HUGEL, Lirico En La Casa & Merk & Kremont - Marianela (Qué Pasa)","/Users/rohan/Downloads/Music/HUGEL, Lirico En La Casa & Merk & Kremont - Marianela (Qué Pasa).mp3",Reception Dancefloor%%Must Play,Reception Dancefloor%%Must Play,0.6321128193035467,Music,0.28512236299514726,Reception Dancefloor%%Rap,0.059746115680378915
Make My Love Go (Maluma Remix),/Users/rohan/Downloads/Music/Make My Love Go (Maluma Remix).mp3,Reception Dancefloor%%Rap,Reception Dancefloor%%Rap,0.5638931107173282,Music,0.39589129518822885,Reception Dancefloor%%Must Play,0.03536776800748655
The Weeknd Ft Future Low Life Redrum Dirty,/Users/rohan/Downloads/Music/The Weeknd Ft Future Low Life Redrum Dirty.mp3,Music,Music,0.8566622119298729,Reception Dancefloor%%Must Play,0.06295038933170743,Reception Dancefloor%%Rap,0.05014674211603735
Justin-Bieber-DAISIES-MOOSE-Edit-105-4A,/Users/rohan/Downloads/Music/Justin-Bieber-DAISIES-MOOSE-Edit-105-4A.mp3,Music,Music,0.819099665863962,Reception Dancefloor%%Hip-Hop,0.13298359196317353,Reception Dancefloor%%Must Play,0.030991837503599087
Kendrick Lamar & SZA - All The Stars (Intro - Dirty),/Users/rohan/Downloads/Music/Kendrick Lamar & SZA - All The Stars (Intro - Dirty).mp3,Music,Music,0.9372242551508946,Reception Dancefloor%%Must Play,0.032311866859623735,Reception Dancefloor%%Hip-Hop,0.018487100184363635
Eo0 - Brian Matrix Remix (Clean),/Users/rohan/Downloads/Music/Eo0 - Brian Matrix Remix (Clean).mp3,Reception Dancefloor%%Must Play,Reception Dancefloor%%Must Play,0.5544263827377104,Music,0.4105702312106957,Reception Dancefloor%%Rap,0.02576282252155667
Empire Of The Sun - Walking On A Dream - BLOND_ISH Remix (Intro - Clean),/Users/rohan/Downloads/Music/Empire Of The Sun - Walking On A Dream - BLOND_ISH Remix (Intro - Clean).mp3,Reception Dancefloor%%Rap,Reception Dancefloor%%Rap,0.6614345029962518,Music,0.21761116556228882,Reception Dancefloor%%Must Play,0.06867569761939632
Macklemore & Ryan Lewis ft. Ray Dalton - Can't Hold Us - Richastic Remix (Intro - Dirty),/Users/rohan/Downloads/Music/Macklemore & Ryan Lewis ft. Ray Dalton - Can't Hold Us - Richastic Remix (Intro - Dirty).mp3,Reception Dancefloor%%Must Play,Reception Dancefloor%%Must Play,0.5050441954219409,Music,0.4861470517588259,Reception Dancefloor%%Hip-Hop,0.006457104467584816
Beyonce X Twista - Cuff It Wetter (Esentrik) FaceTyme UKG Flip - INTRO DIRTY 132,/Users/rohan/Downloads/Music/Beyonce X Twista - Cuff It Wetter (Esentrik) FaceTyme UKG Flip - INTRO DIRTY 132.mp3,Music,Music,0.8780834705357918,Reception Dancefloor%%Must Play,0.06389384401468043,Reception Dancefloor%%Hip-Hop,0.03390257839416653
Drake & Central Cee - Which One - Trayze Remix (Dirty),/Users/rohan/Downloads/Music/Drake & Central Cee - Which One - Trayze Remix (Dirty).mp3,Reception Dancefloor%%Hip-Hop,Reception Dancefloor%%Hip-Hop,0.8070237763643753,Music,0.1813720996847962,Reception Dancefloor%%Rap,0.007363013698630136
Drake - Virginia Beach (Intro Clean),/Users/rohan/Downloads/Music/Drake - Virginia Beach (Intro Clean).mp3,Music,Music,0.9503673096222487,Reception Dancefloor%%Must Play,0.022427762745078822,Reception Dancefloor%%Hip-Hop,0.015686684133112704
"Bruno Mars & Sexyy Red - Fat, Juicy, & Wet (DJ ROCCO & DJ EVER B R&B Remix) (Dirty)","/Users/rohan/Downloads/Music/Bruno Mars & Sexyy Red - Fat, Juicy, & Wet (DJ ROCCO & DJ EVER B R&B Remix) (Dirty).mp3",Reception Dancefloor%%Hip-Hop,Reception Dancefloor%%Hip-Hop,0.6211676191707819,Music,0.3238084436146642,Reception Dancefloor%%Must Play,0.03871166211450846
Drake - What Did I Miss - Hills Remix (Dirty),/Users/rohan/Downloads/Music/Drake - What Did I Miss - Hills Remix (Dirty).mp3,Reception Dancefloor%%Rap,Reception Dancefloor%%Rap,0.5900069766246723,Music,0.36321994965269266,Reception Dancefloor%%Must Play,0.02733343554852487
Active x Yaad Piya - DJ Aura Edit,/Users/rohan/Downloads/Music/Active x Yaad Piya - DJ Aura Edit.mp3,Music,Music,0.8111168850566098,Reception Dancefloor%%Must Play,0.1131818280514248,Reception Dancefloor%%Rap,0.05151395645790617
Bad Bunny - DtMF (GROSSOMODDO Remix),/Users/rohan/Downloads/Music/Bad Bunny - DtMF (GROSSOMODDO Remix).mp3,Music,Music,0.7022954828137965,Reception Dancefloor%%Must Play,0.19606143224294809,Reception Dancefloor%%Rap,0.07210664970295999
Tiesto - Lay Low (Radio Edit),/Users/rohan/Downloads/Music/Tiesto - Lay Low (Radio Edit).mp3,Music,Music,0.8556214060881041,Reception Dancefloor%%Must Play,0.06296284793949318,Reception Dancefloor%%Hip-Hop,0.057242126256588685
Ed Sheeran F. Arijit Singh - Sapphire 95,/Users/rohan/Downloads/Music/Ed Sheeran F. Arijit Singh - Sapphire 95.mp3,Reception Dancefloor%%Must Play,Reception Dancefloor%%Must Play,0.6076851122617017,Music,0.3759067298655195,Reception Dancefloor%%Hip-Hop,0.011408157872778348
Jerry Wallis  The Chainsmokers - Closer (R3hab Moombahton Redrum)[Clean],/Users/rohan/Downloads/Music/Jerry Wallis  The Chainsmokers - Closer (R3hab Moombahton Redrum)[Clean].mp3,Music,Music,0.8961241220732841,Reception Dancefloor%%Must Play,0.05911095349436681,Reception Dancefloor%%Pop ␛␛2f Top 40,0.026573945252969057
72. Daddy Yankee Ft Anuel Aa - Adictiva (Ck Intro - Clean),/Users/rohan/Downloads/Music/72. Daddy Yankee Ft Anuel Aa - Adictiva (Ck Intro - Clean).mp3,Music,Music,0.835533596062642,Reception Dancefloor%%Must Play,0.09019878630808507,Reception Dancefloor%%Rap,0.04603038053805499
Justin Timberlake  (Jay-Z) -  Suit & Tie (Intro),/Users/rohan/Downloads/Music/Justin Timberlake  (Jay-Z) -  Suit & Tie (Intro).mp3,Music,Music,0.8669294863805629,Reception Dancefloor%%Must Play,0.06526378017933078,Reception Dancefloor%%Hip-Hop,0.044014873083700404
ItsArius & Lynnic - Cornfield Chase (Extended Mix),/Users/rohan/Downloads/Music/ItsArius & Lynnic - Cornfield Chase (Extended Mix).wav,Music,Music,0.8306887402063508,Reception Dancefloor%%Rap,0.06271856374694929,Reception Dancefloor%%Must Play,0.0487163842781855
HYALYTE x MXTT HXLL - Memories (Up. Records),/Users/rohan/Downloads/Music/HYALYTE x MXTT HXLL - Memories (Up. Records).wav,Music,Music,0.8674409691087164,Reception Dancefloor%%Must Play,0.0847069568128221,Reception Dancefloor%%Rap,0.02822071208478589
The Weeknd - Reminder (Intro - Dirty),/Users/rohan/Downloads/Music/The Weeknd - Reminder (Intro - Dirty).mp3,Music,Music,0.8288611370680722,Reception Dancefloor%%Rap,0.06686331666349977,Reception Dancefloor%%Must Play,0.055382385322691505
Suit & Tie (feat. JAY Z),/Users/rohan/Downloads/Music/Suit & Tie (feat. JAY Z).mp3,Reception Dancefloor%%Must Play,Reception Dancefloor%%Must Play,0.5805504274210113,Music,0.39226428207614694,Reception Dancefloor%%Hip-Hop,0.01511041291941853
Jay-Sean-vs.-WildVibes-Patrick-Key-Down-Dario-Valli-2023-Edit-128-10B,/Users/rohan/Downloads/Music/Jay-Sean-vs.-WildVibes-Patrick-Key-Down-Dario-Valli-2023-Edit-128-10B.mp3,Reception Dancefloor%%Pop ␛␛2f Top 40,Reception Dancefloor%%Pop ␛␛2f Top 40,0.6131548613985334,Music,0.355276160748326,Reception Dancefloor%%Must Play,0.0179906381670861
Drake & Central Cee - Which One - Da Phonk Club Edit (Dirty),/Users/rohan/Downloads/Music/Drake & Central Cee - Which One - Da Phonk Club Edit (Dirty).mp3,Reception Dancefloor%%Hip-Hop,Reception Dancefloor%%Hip-Hop,0.6508434021368754,Music,0.33723470540407247,Reception Dancefloor%%Must Play,0.007026748971193415
HUGEL-Topic-Arash-feat.-Daecolm-I-Adore-You-ARTBAT-Remix-124-10A,/Users/rohan/Downloads/Music/HUGEL-Topic-Arash-feat.-Daecolm-I-Adore-You-ARTBAT-Remix-124-10A.mp3,Music,Music,0.8492362915962013,Reception Dancefloor%%Must Play,0.08151434477299635,Reception Dancefloor%%Rap,0.043769176183672764
Cheat Codes - Balenciaga (Extended Redrum) 126 bpm Clean,/Users/rohan/Downloads/Music/Cheat Codes - Balenciaga (Extended Redrum) 126 bpm Clean.mp3,Music,Music,0.6758929744886336,Reception Dancefloor%%Must Play,0.13574193776120394,Reception Dancefloor%%Pop ␛␛2f Top 40,0.11523929558257114
Jim Jones  -  We Fly High  (Ballin) (Intro),/Users/rohan/Downloads/Music/Jim Jones  -  We Fly High  (Ballin) (Intro).mp3,Music,Music,0.6757436150555083,Reception Dancefloor%%Hip-Hop,0.15471498852849483,Reception Dancefloor%%Must Play,0.11457493920316918
HUGEL-David-Guetta-Kehlani-Daecolm-Think-Of-Me-120-3B,/Users/rohan/Downloads/Music/HUGEL-David-Guetta-Kehlani-Daecolm-Think-Of-Me-120-3B.mp3,Reception Dancefloor%%Rap,Reception Dancefloor%%Rap,0.6845234366060303,Music,0.19873703788630362,Reception Dancefloor%%Hip-Hop,0.08830564844913838
Outkast - Hey Ya!,/Users/rohan/Downloads/Music/Outkast - Hey Ya!.mp3,Reception Dancefloor%%Must Play,Reception Dancefloor%%Must Play,0.5489335789546409,Music,0.4177201636707787,Reception Dancefloor%%Rap,0.01854853808611786
Stevie Wonder - Isn't She Lovely (Clean),/Users/rohan/Downloads/Music/Stevie Wonder - Isn't She Lovely (Clean).mp3,Music,Music,0.6678606960293355,Reception Dancefloor%%Must Play,0.14537763479659896,Reception Dancefloor%%Hip-Hop,0.0682961141801965
Megan Thee Stallion & Yuki Chiba - Mamushi (ErickaVee Re-Drum Edit),/Users/rohan/Downloads/Music/Megan Thee Stallion & Yuki Chiba - Mamushi (ErickaVee Re-Drum Edit).mp3,Reception Dancefloor%%Must Play,Reception Dancefloor%%Must Play,0.5643611626004406,Music,0.3894990172787027,Reception Dancefloor%%Hip-Hop,0.0318257438832231
CNCO - Hey DJ (Dj Intro Short)[Clean],/Users/rohan/Downloads/Music/CNCO - Hey DJ (Dj Intro Short)[Clean].mp3,Music,Music,0.8522090891298432,Reception Dancefloor%%Must Play,0.04623987212325396,Reception Dancefloor%%Hip-Hop,0.0427398295682732
Teriyaki Boyz - Tokyo Drift (HayaT Remix) Clean 2A 127,/Users/rohan/Downloads/Music/Teriyaki Boyz - Tokyo Drift (HayaT Remix) Clean 2A 127.mp3,Reception Dancefloor%%Pop ␛␛2f Top 40,Reception Dancefloor%%Pop ␛␛2f Top 40,0.6356779431880641,Music,0.32623737006807557,Reception Dancefloor%%Must Play,0.02646623720723968
John-Summit-Hayla-Where-You-Are-Zedd-Remix-Radio-Edit-130-8A,/Users/rohan/Downloads/Music/John-Summit-Hayla-Where-You-Are-Zedd-Remix-Radio-Edit-130-8A.mp3,Reception Dancefloor%%Pop ␛␛2f Top 40,Reception Dancefloor%%Pop ␛␛2f Top 40,0.5957205505578007,Music,0.36114291049762154,Reception Dancefloor%%Rap,0.02039341427796309
Kehlani-Out-The-Window-Esentrik-Edit-Dirty-62-6B,/Users/rohan/Downloads/Music/Kehlani-Out-The-Window-Esentrik-Edit-Dirty-62-6B.mp3,Music,Music,0.8727964821054875,Reception Dancefloor%%Rap,0.05760630717751902,Reception Dancefloor%%Must Play,0.04420205622561662
Aventura-Bad-Bunny-Volvi-Tony-B-Redrum-Dirty-98-2A,/Users/rohan/Downloads/Music/Aventura-Bad-Bunny-Volvi-Tony-B-Redrum-Dirty-98-2A.mp3,Reception Dancefloor%%Must Play,Reception Dancefloor%%Must Play,0.5935466940643035,Music,0.37485731619200147,Reception Dancefloor%%Rap,0.015316906124935572
Tegi Pannu - Schedule (Main),/Users/rohan/Downloads/Music/Tegi Pannu - Schedule (Main).mp3,Reception Dancefloor%%Must Play,Reception Dancefloor%%Must Play,0.5227618976828671,Music,0.4595054022841646,Reception Dancefloor%%Rap,0.009434555211933782
Stromae - Alors On Danse (Dave Ruthwell 'Tribal' Edit),/Users/rohan/Downloads/Music/Stromae - Alors On Danse (Dave Ruthwell 'Tribal' Edit).mp3,Reception Dancefloor%%Must Play,Reception Dancefloor%%Must Play,0.5803393266908485,Music,0.3786117363769732,Reception Dancefloor%%Hip-Hop,0.02462680120313415
Drake - N 2 Deep (Intro)[Clean],/Users/rohan/Downloads/Music/Drake - N 2 Deep (Intro)[Clean].mp3,Reception Dancefloor%%Hip-Hop,Reception Dancefloor%%Hip-Hop,0.6430243479497091,Music,0.35447565205029113,Reception Dancefloor%%Must Play,0.0025
Far East Movement - Rocketeer (NAJ Garage Edit),/Users/rohan/Downloads/Music/Far East Movement - Rocketeer (NAJ Garage Edit).mp3,Music,Music,0.8746713575237135,Reception Dancefloor%%Must Play,0.061101308192623376,Reception Dancefloor%%Hip-Hop,0.047877110320609165
Bad Bunny - NUEVAYoL - Rebel Remix (Dirty),/Users/rohan/Downloads/Music/Bad Bunny - NUEVAYoL - Rebel Remix (Dirty).mp3,Reception Dancefloor%%Must Play,Reception Dancefloor%%Must Play,0.5138682489991377,Music,0.4301229692648637,Reception Dancefloor%%Rap,0.04867071808123294
Future & Lil Uzi Vert - Drankin N Smokin (CK Intro - Dirty) 7A 76,/Users/rohan/Downloads/Music/Future & Lil Uzi Vert - Drankin N Smokin (CK Intro - Dirty) 7A 76.mp3,Reception Dancefloor%%Hip-Hop,Reception Dancefloor%%Hip-Hop,0.6309073393638274,Music,0.28981996601343535,Reception Dancefloor%%Must Play,0.049405788224301854
Gunna - Got Damn (DJ ROCCO & DJ EVER B Remix) (Dirty),/Users/rohan/Downloads/Music/Gunna - Got Damn (DJ ROCCO & DJ EVER B Remix) (Dirty).mp3,Music,Music,0.8020946890788947,Reception Dancefloor%%Rap,0.0758266176918065,Reception Dancefloor%%Hip-Hop,0.048955693306033804
Ne-Yo-Closer-Gilla-Remix-134-9A,/Users/rohan/Downloads/Music/Ne-Yo-Closer-Gilla-Remix-134-9A.mp3,Music,Music,0.8370822523169587,Reception Dancefloor%%Must Play,0.12238470537162867,Reception Dancefloor%%Rap,0.019625406187965457
WOST - BOASTY TEK EDIT 01 (REMIX),/Users/rohan/Downloads/Music/WOST - BOASTY TEK EDIT 01 (REMIX).mp3,Music,Music,0.8410535941053123,Reception Dancefloor%%Rap,0.0766164212195041,Reception Dancefloor%%Must Play,0.07305761735092654
WizTheMc-bees-honey-Take-My-Mind-Radio-Edit-114-2A,/Users/rohan/Downloads/Music/WizTheMc-bees-honey-Take-My-Mind-Radio-Edit-114-2A.mp3,Reception Dancefloor%%Rap,Reception Dancefloor%%Rap,0.6594386377852937,Music,0.2322804149445633,Reception Dancefloor%%Must Play,0.06820868576902749
Drake - N 2 Deep (Intro)[Dirty],/Users/rohan/Downloads/Music/Drake - N 2 Deep (Intro)[Dirty].mp3,Reception Dancefloor%%Hip-Hop,Reception Dancefloor%%Hip-Hop,0.627949291750641,Music,0.3695507082493588,Reception Dancefloor%%Must Play,0.0025
Wayne Wonder - No Letting Go (Joshua Cove Edit),/Users/rohan/Downloads/Music/Wayne Wonder - No Letting Go (Joshua Cove Edit).mp3,Music,Music,0.8261090308649048,Reception Dancefloor%%Rap,0.08106965549880002,Reception Dancefloor%%Hip-Hop,0.0435207905933261
Teriyaki Boyz - Tokyo Drift (Club),/Users/rohan/Downloads/Music/Teriyaki Boyz - Tokyo Drift (Club).mp3,Music,Music,0.8417721891783612,Reception Dancefloor%%Must Play,0.07098638538212249,Reception Dancefloor%%Rap,0.050009773022122186
Burna-Boy-Dont-Let-Me-Drown-113-12B,/Users/rohan/Downloads/Music/Burna-Boy-Dont-Let-Me-Drown-113-12B.mp3,Reception Dancefloor%%Rap,Reception Dancefloor%%Rap,0.5591096608071332,Music,0.40342394379009944,Reception Dancefloor%%Must Play,0.022517433298574398
"Carlos Vives, MichaelBM, Wakyin - Beso (Fruta Fresca) (Fruta Fresca)","/Users/rohan/Downloads/Music/Carlos Vives, MichaelBM, Wakyin - Beso (Fruta Fresca) (Fruta Fresca).mp3",Reception Dancefloor%%Must Play,Reception Dancefloor%%Must Play,0.5692463703247538,Music,0.41208409052200523,Reception Dancefloor%%Rap,0.008669539153240915
Tinashe-Nasty-100-2A,/Users/rohan/Downloads/Music/Tinashe-Nasty-100-2A.mp3,Music,Music,0.8169936305810572,Reception Dancefloor%%Must Play,0.07622803453869931,Reception Dancefloor%%Pop ␛␛2f Top 40,0.05035716404078153
Avicii - Levels (Retrovision Remix) (Even Steve Epic Intro) Clean 12A 128,/Users/rohan/Downloads/Music/Avicii - Levels (Retrovision Remix) (Even Steve Epic Intro) Clean 12A 128.mp3,Reception Dancefloor%%Pop ␛␛2f Top 40,Reception Dancefloor%%Pop ␛␛2f Top 40,0.6119944121897647,Music,0.22636908860468796,Reception Dancefloor%%Must Play,0.06915692593982838
Ginuwine - Pony (CK Intro - Clean),/Users/rohan/Downloads/Music/Ginuwine - Pony (CK Intro - Clean).mp3,Music,Music,0.8319799779187265,Reception Dancefloor%%Must Play,0.08665606400718642,Reception Dancefloor%%Hip-Hop,0.05642156176072297
Saweetie-Tap-In-Intro-Clean-100-5A,/Users/rohan/Downloads/Music/Saweetie-Tap-In-Intro-Clean-100-5A.mp3,Music,Music,0.8218844676949378,Reception Dancefloor%%Must Play,0.07863957407752459,Reception Dancefloor%%Rap,0.056326996342350055
PramPranWeddingAud,/Users/rohan/Downloads/Music/PramPranWeddingAud.mp3,Music,Music,0.8886468598828912,Reception Dancefloor%%Must Play,0.03946554129817248,Reception Dancefloor%%Hip-Hop,0.03663882560945811
Ashanti-Only-U-Fuzz-2022-Edit-130-12A,/Users/rohan/Downloads/Music/Ashanti-Only-U-Fuzz-2022-Edit-130-12A.mp3,Music,Music,0.5358246846293429,Reception Dancefloor%%Must Play,0.1840021281316735,Reception Dancefloor%%Rap,0.14093643731617667
LL Cool J - Jingling Baby (Clean  Intro),/Users/rohan/Downloads/Music/LL Cool J - Jingling Baby (Clean  Intro).mp3,Reception Dancefloor%%Hip-Hop,Reception Dancefloor%%Hip-Hop,0.7072970551329459,Music,0.1596903736814831,Reception Dancefloor%%Must Play,0.07224963041833861
Dr Dre ft Snoop Dogg - Still D.R.E. (CK Intro - Clean) ,/Users/rohan/Downloads/Music/Dr Dre ft Snoop Dogg - Still D.R.E. (CK Intro - Clean) .mp3,Reception Dancefloor%%Hip-Hop,Reception Dancefloor%%Hip-Hop,0.5791171839616759,Music,0.3813955333670595,Reception Dancefloor%%Must Play,0.02489856140689725
Bruno Mars - Uptown Funk (Gin and Sonic Remix),/Users/rohan/Downloads/Music/Bruno Mars - Uptown Funk (Gin and Sonic Remix).mp3,Music,Music,0.7911014445455024,Reception Dancefloor%%Must Play,0.12268249170987047,Reception Dancefloor%%Hip-Hop,0.05057522554261193
Pitbull & Elvis Crespo - Suave (Intro) 130,/Users/rohan/Downloads/Music/Pitbull & Elvis Crespo - Suave (Intro) 130.mp3,Music,Music,0.8350300841663114,Reception Dancefloor%%Must Play,0.06002019848847894,Reception Dancefloor%%Hip-Hop,0.04416632927246271
Tyla - Push 2 Start (Santeo Edit) Up. Records,/Users/rohan/Downloads/Music/Tyla - Push 2 Start (Santeo Edit) Up. Records.wav,Reception Dancefloor%%Must Play,Reception Dancefloor%%Must Play,0.6072195474078552,Music,0.3749291998292828,Reception Dancefloor%%Hip-Hop,0.015351252762861818
Sister-Nancy-Bam-Bam-Federico-Bolletta-5HOURS-Remix-124-8A,/Users/rohan/Downloads/Music/Sister-Nancy-Bam-Bam-Federico-Bolletta-5HOURS-Remix-124-8A.mp3,Reception Dancefloor%%Rap,Reception Dancefloor%%Rap,0.5954244461916263,Music,0.3718750631677098,Reception Dancefloor%%Must Play,0.02089093220597352
Drake & Central Cee - Which One - Da Phonk Club Edit (Clean),/Users/rohan/Downloads/Music/Drake & Central Cee - Which One - Da Phonk Club Edit (Clean).mp3,Reception Dancefloor%%Hip-Hop,Reception Dancefloor%%Hip-Hop,0.8246817069032539,Music,0.14217160468725823,Reception Dancefloor%%Must Play,0.018967409378117726
Drake-feat.-Central-Cee-Which-One-Clean-120-7A,/Users/rohan/Downloads/Music/Drake-feat.-Central-Cee-Which-One-Clean-120-7A.mp3,Reception Dancefloor%%Hip-Hop,Reception Dancefloor%%Hip-Hop,0.6329244064462201,Music,0.35044657185531386,Reception Dancefloor%%Rap,0.007102272727272727
Nardo Wick - Dah Dah DahDah (CK Intro - Dirty) 2A 84,/Users/rohan/Downloads/Music/Nardo Wick - Dah Dah DahDah (CK Intro - Dirty) 2A 84.mp3,Reception Dancefloor%%Hip-Hop,Reception Dancefloor%%Hip-Hop,0.6380943923967751,Music,0.33025107693964656,Reception Dancefloor%%Must Play,0.02048321755495655
J-Balvin-Willy-William-Mi-Gente-ATGC-Remix-122-9A,/Users/rohan/Downloads/Music/J-Balvin-Willy-William-Mi-Gente-ATGC-Remix-122-9A.mp3,Reception Dancefloor%%Rap,Reception Dancefloor%%Rap,0.654512831842447,Music,0.2450301659446995,Reception Dancefloor%%Must Play,0.05788315089896517
Pasoori_320(PagalWorld.com.sb),/Users/rohan/Downloads/Music/Pasoori_320(PagalWorld.com.sb).mp3,Reception Dancefloor%%Rap,Reception Dancefloor%%Rap,0.6246168582375479,Music,0.3092343635990722,Reception Dancefloor%%Must Play,0.03766886249775568
Migos - Versace (Clean),/Users/rohan/Downloads/Music/Migos - Versace (Clean).mp3,Reception Dancefloor%%Hip-Hop,Reception Dancefloor%%Hip-Hop,0.6184354102151562,Music,0.33841765307722654,Reception Dancefloor%%Must Play,0.028394870591914926
Calvin Harris - Thinking About You - FaceTyme Remix,/Users/rohan/Downloads/Music/Calvin Harris - Thinking About You - FaceTyme Remix.mp3,Reception Dancefloor%%Must Play,Reception Dancefloor%%Must Play,0.5604002778093311,Music,0.39039352160088553,Reception Dancefloor%%Rap,0.028278426850968538
Akon ft Eminem  - Smack That (CK Intro - Dirty),/Users/rohan/Downloads/Music/Akon ft Eminem  - Smack That (CK Intro - Dirty).mp3,Reception Dancefloor%%Hip-Hop,Reception Dancefloor%%Hip-Hop,0.5640872233846362,Music,0.3860237101377524,Reception Dancefloor%%Must Play,0.03835146914149393
Avril Lavigne - Sk8er Boi [Intro Clean],/Users/rohan/Downloads/Music/Avril Lavigne - Sk8er Boi [Intro Clean].mp3,Music,Music,0.8732473062121432,Reception Dancefloor%%Must Play,0.08651867778327273,Reception Dancefloor%%Rap,0.01602810637476375
Raabta x Secret ID ( Flipsyd ),/Users/rohan/Downloads/Music/AfroDesi June25/Raabta x Secret ID ( Flipsyd ).mp3,Music,Music,0.8514841047542591,Reception Dancefloor%%Rap,0.10244200347006072,Reception Dancefloor%%Must Play,0.030367827454419613
Dard E Disco x Koi Jaye x Dhamar ( Flipsyd ),/Users/rohan/Downloads/Music/AfroDesi June25/Dard E Disco x Koi Jaye x Dhamar ( Flipsyd ).mp3,Music,Music,0.6733605688028308,Reception Dancefloor%%Must Play,0.17063718551261947,Reception Dancefloor%%Hip-Hop,0.07748915736898389
Titliya Wargah x Impala ( Flipsyd ),/Users/rohan/Downloads/Music/AfroDesi June25/Titliya Wargah x Impala ( Flipsyd ).mp3,Music,Music,0.8632370162682672,Reception Dancefloor%%Must Play,0.051753968814297995,Reception Dancefloor%%Rap,0.04605230578530179
Tumse Hi x Casablanca ( Flipsyd ),/Users/rohan/Downloads/Music/AfroDesi June25/Tumse Hi x Casablanca ( Flipsyd ).mp3,Music,Music,0.8237117963557481,Reception Dancefloor%%Hip-Hop,0.05958196365161996,Reception Dancefloor%%Must Play,0.057396890697178134
Jhol x Manara,/Users/rohan/Downloads/Music/AfroDesi June25/Jhol x Manara.mp3,Music,Music,0.6130380894028837,Reception Dancefloor%%Must Play,0.17458639683915256,Reception Dancefloor%%Hip-Hop,0.12371955975956522
Chand Sifarish x Alameyo ( Flipsyd ),/Users/rohan/Downloads/Music/AfroDesi June25/Chand Sifarish x Alameyo ( Flipsyd ).mp3,Music,Music,0.8150203438777843,Reception Dancefloor%%Rap,0.07318409024621124,Reception Dancefloor%%Must Play,0.061366997659072685
Bol do na x  Spectrum ( Flipsyd ),/Users/rohan/Downloads/Music/AfroDesi June25/Bol do na x  Spectrum ( Flipsyd ).mp3,Music,Music,0.8658203054760217,Reception Dancefloor%%Rap,0.04222637630564898,Reception Dancefloor%%Must Play,0.041828879301449386
Rangeela Re x Loosing It ( Flipsyd ),/Users/rohan/Downloads/Music/AfroDesi June25/Rangeela Re x Loosing It ( Flipsyd ).mp3,Music,Music,0.8464835336194177,Reception Dancefloor%%Pop ␛␛2f Top 40,0.0724221679287158,Reception Dancefloor%%Must Play,0.04787430079328505
Doobay x Fanna x Acerkte ( Flipsyd ),/Users/rohan/Downloads/Music/AfroDesi June25/Doobay x Fanna x Acerkte ( Flipsyd ).mp3,Music,Music,0.8692933393227417,Reception Dancefloor%%Must Play,0.058567384234464163,Reception Dancefloor%%Rap,0.03765513522690462
Urvashi Afro House Remix ( Flipsyd ),/Users/rohan/Downloads/Music/AfroDesi June25/Urvashi Afro House Remix ( Flipsyd ).wav,Music,Music,0.8585031468993805,Reception Dancefloor%%Rap,0.04907848402962787,Reception Dancefloor%%Must Play,0.038599682542317805
Move Your Body x Sxy ( Flipsyd ),/Users/rohan/Downloads/Music/AfroDesi June25/Move Your Body x Sxy ( Flipsyd ).mp3,Music,Music,0.5615838648225613,Reception Dancefloor%%Hip-Hop,0.24722494448201476,Reception Dancefloor%%Must Play,0.12345429063370399
Raanjhan x Life Is Simple ( Flipsyd ),/Users/rohan/Downloads/Music/AfroDesi June25/Raanjhan x Life Is Simple ( Flipsyd ).mp3,Music,Music,0.5065214843878998,Reception Dancefloor%%Rap,0.25558781836086714,Reception Dancefloor%%Must Play,0.11431309855409016
Ramta Jogi x Rakkas ( Flipsyd ),/Users/rohan/Downloads/Music/AfroDesi June25/Ramta Jogi x Rakkas ( Flipsyd ).mp3,Music,Music,0.8622332714491666,Reception Dancefloor%%Must Play,0.09719353397066564,Reception Dancefloor%%Rap,0.025559548834360128
Pal Pal x Malaya ( Flipsyd ),/Users/rohan/Downloads/Music/AfroDesi June25/Pal Pal x Malaya ( Flipsyd ).mp3,Music,Music,0.8832991248619503,Reception Dancefloor%%Must Play,0.06605812379703876,Reception Dancefloor%%Rap,0.03200274106705825
Love Tujhe x Baiana ( Flipsyd ),/Users/rohan/Downloads/Music/AfroDesi June25/Love Tujhe x Baiana ( Flipsyd ).mp3,Music,Music,0.840741481931047,Reception Dancefloor%%Must Play,0.050641425177911724,Reception Dancefloor%%Rap,0.043408221094098504
Chale Jaise Hawayein x Vazilando,/Users/rohan/Downloads/Music/AfroDesi June25/Chale Jaise Hawayein x Vazilando.mp3,Music,Music,0.8322410252385471,Reception Dancefloor%%Must Play,0.09673954578309281,Reception Dancefloor%%Rap,0.03570278929317807
Wo Lamhe x Jungle ( Flipsyd ),/Users/rohan/Downloads/Music/AfroDesi June25/Wo Lamhe x Jungle ( Flipsyd ).mp3,Music,Music,0.6537204775714607,Reception Dancefloor%%Must Play,0.17148560644486552,Reception Dancefloor%%Hip-Hop,0.0778361097379998
Jatt x Sicko Mode ( Flipsyd ),/Users/rohan/Downloads/Music/AfroDesi June25/Jatt x Sicko Mode ( Flipsyd ).mp3,Music,Music,0.8815776251783666,Reception Dancefloor%%Must Play,0.05635875364342416,Reception Dancefloor%%Rap,0.025810229926541094
Jiya Jale x Majnuna ( Flipsyd ),/Users/rohan/Downloads/Music/AfroDesi June25/Jiya Jale x Majnuna ( Flipsyd ).mp3,Music,Music,0.8516894885524323,Reception Dancefloor%%Rap,0.09111781529298688,Reception Dancefloor%%Must Play,0.03534234691782878
Mann Mera x Gorah ( Flipsyd ),/Users/rohan/Downloads/Music/AfroDesi June25/Mann Mera x Gorah ( Flipsyd ).mp3,Music,Music,0.8351673484089875,Reception Dancefloor%%Hip-Hop,0.0843343926395056,Reception Dancefloor%%Must Play,0.04114683118599957
Wishes x The Rapture ( Flipsyd ),/Users/rohan/Downloads/Music/AfroDesi June25/Wishes x The Rapture ( Flipsyd ).mp3,Music,Music,0.8406836152886707,Reception Dancefloor%%Must Play,0.09303233430630212,Reception Dancefloor%%Rap,0.042663588077483945
Justin Bieber vs Belinda Carlisle - Baby (Even Steve 'Heaven Is A Place On Earth' Wordplay Edit) CK Cut - Clean 5A 130,/Users/rohan/Downloads/Music/Even Steve - Useful Edits/Justin Bieber vs Belinda Carlisle - Baby (Even Steve 'Heaven Is A Place On Earth' Wordplay Edit) CK Cut - Clean 5A 130.mp3,Music,Music,0.6604246469758608,Reception Dancefloor%%Must Play,0.18880658913616405,Reception Dancefloor%%Rap,0.06587863328361693
Justin Bieber vs Belinda Carlisle - Baby (Even Steve 'Heaven Is A Place On Earth' Wordplay Edit) Intro - Clean 5A 130,/Users/rohan/Downloads/Music/Even Steve - Useful Edits/Justin Bieber vs Belinda Carlisle - Baby (Even Steve 'Heaven Is A Place On Earth' Wordplay Edit) Intro - Clean 5A 130.mp3,Music,Music,0.8552789036194168,Reception Dancefloor%%Must Play,0.08749766464101888,Reception Dancefloor%%Rap,0.050075995842128386
Chief Keef vs MR.BLACK - Don't Like (Even Steve 'After Party' Bootleg) Intro - Dirty 11A 128,/Users/rohan/Downloads/Music/Even Steve - Useful Edits/Chief Keef vs MR.BLACK - Don't Like (Even Steve 'After Party' Bootleg) Intro - Dirty 11A 128.mp3,Reception Dancefloor%%Pop ␛␛2f Top 40,Reception Dancefloor%%Pop ␛␛2f Top 40,0.609625188943386,Music,0.35828137787650877,Reception Dancefloor%%Must Play,0.01791981992498548
"Miley Cyrus, Hannah Montana - Best Of Both Worlds (Even Steve Remix) Epic In Clean 4A 128","/Users/rohan/Downloads/Music/Even Steve - Useful Edits/Miley Cyrus, Hannah Montana - Best Of Both Worlds (Even Steve Remix) Epic In Clean 4A 128.mp3",Music,Music,0.5792788256566308,Reception Dancefloor%%Hip-Hop,0.22987936938517378,Reception Dancefloor%%Must Play,0.09257608405160736
"Miley Cyrus, Hannah Montana - Best Of Both Worlds (Even Steve Remix) Intro - Clean 4A 128","/Users/rohan/Downloads/Music/Even Steve - Useful Edits/Miley Cyrus, Hannah Montana - Best Of Both Worlds (Even Steve Remix) Intro - Clean 4A 128.mp3",Music,Music,0.8284310022751898,Reception Dancefloor%%Hip-Hop,0.10701179106633975,Reception Dancefloor%%Must Play,0.0402917082232549
BAS EK PAL - CHANDAN & SAGAR EDIT (MELODIC TECHNO),/Users/rohan/Downloads/Music/BOLLYWOOD GARDEN VOL-2/BAS EK PAL - CHANDAN & SAGAR EDIT (MELODIC TECHNO).mp3,Music,Music,0.8429015226679258,Reception Dancefloor%%Must Play,0.12517114149738157,Reception Dancefloor%%Rap,0.01594968662884595
NAADAN PARINDEY - CHANDAN & SAGAR EDIT (MELODIC TECHNO),/Users/rohan/Downloads/Music/BOLLYWOOD GARDEN VOL-2/NAADAN PARINDEY - CHANDAN & SAGAR EDIT (MELODIC TECHNO).mp3,Music,Music,0.8341601286050391,Reception Dancefloor%%Hip-Hop,0.11044131270552658,Reception Dancefloor%%Must Play,0.027764494451880783
AADAT - CHANDAN & SAGAR EDIT (MELODIC TECHNO),/Users/rohan/Downloads/Music/BOLLYWOOD GARDEN VOL-2/AADAT - CHANDAN & SAGAR EDIT (MELODIC TECHNO).mp3,Music,Music,0.5731848835884936,Reception Dancefloor%%Must Play,0.1621333973724761,Reception Dancefloor%%Hip-Hop,0.1405001695805404
MAR JAVAAN - CHANDAN & SAGAR EDIT (MELODIC TECHNO),/Users/rohan/Downloads/Music/BOLLYWOOD GARDEN VOL-2/MAR JAVAAN - CHANDAN & SAGAR EDIT (MELODIC TECHNO).mp3,Music,Music,0.7880419491070043,Reception Dancefloor%%Must Play,0.0820651121090548,Reception Dancefloor%%Hip-Hop,0.08152569880620966
ZARA ZARA - CHANDAN & SAGAR EDIT (MELODIC TECHNO),/Users/rohan/Downloads/Music/BOLLYWOOD GARDEN VOL-2/ZARA ZARA - CHANDAN & SAGAR EDIT (MELODIC TECHNO).mp3,Music,Music,0.8344234804304292,Reception Dancefloor%%Must Play,0.06056318898110721,Reception Dancefloor%%Rap,0.04844626064525632
AE AJNABI - CHANDAN & SAGAR EDIT (MELODIC TECHNO),/Users/rohan/Downloads/Music/BOLLYWOOD GARDEN VOL-2/AE AJNABI - CHANDAN & SAGAR EDIT (MELODIC TECHNO).mp3,Music,Music,0.7807199791221057,Reception Dancefloor%%Hip-Hop,0.13658267382132197,Reception Dancefloor%%Rap,0.04427132741202039
Ravi B - _ Dance Ka Bhoot Remix _ Official Music Video 2022,/Users/rohan/Downloads/Music/Import New Bollywood/Ravi B - _ Dance Ka Bhoot Remix _ Official Music Video 2022.mp3,Music,Music,0.6307087870819004,Reception Dancefloor%%Must Play,0.14107089976908702,Reception Dancefloor%%Hip-Hop,0.12462577316589846
