title,path,crate
HUGEL-David-Guetta-Kehlani-Daecolm-Think-Of-Me-120-3B,Users/rohan/Downloads/Music/HUGEL-David-Guetta-Kehlani-Daecolm-Think-Of-Me-120-3B.mp3,Reception Dancefloor%%Rap
HUGEL-SOLTO-FR-Jamaican-Bam-Bam-ATCG-Edit-128-8A,Users/rohan/Downloads/Music/HUGEL-SOLTO-FR-Jamaican-Bam-Bam-ATCG-Edit-128-8A.mp3,Reception Dancefloor%%Rap
Sister-Nancy-Bam-Bam-Federico-Bolletta-5HOURS-Remix-124-8A,Users/rohan/Downloads/Music/Sister-Nancy-Bam-Bam-Federico-Bolletta-5HOURS-Remix-124-8A.mp3,Reception Dancefloor%%Rap
J-Balvin-Willy-William-Mi-Gente-ATGC-Remix-122-9A,Users/rohan/Downloads/Music/J-Balvin-Willy-William-Mi-Gente-ATGC-Remix-122-9A.mp3,Reception Dancefloor%%Rap
Tyla - Water (CK Intro - Clean) 3A 117,Users/rohan/Downloads/Music/Tyla - Water (CK Intro - Clean) 3A 117.mp3,Reception Dancefloor%%Rap
Teejay-Davido-Drift-Remix-Intro-Clean-100-7A,Users/rohan/Downloads/Music/Teejay-Davido-Drift-Remix-Intro-Clean-100-7A.mp3,Reception Dancefloor%%Rap
WizTheMc-bees-honey-Take-My-Mind-Radio-Edit-114-2A,Users/rohan/Downloads/Music/WizTheMc-bees-honey-Take-My-Mind-Radio-Edit-114-2A.mp3,Reception Dancefloor%%Rap
Burna-Boy-Dont-Let-Me-Drown-113-12B,Users/rohan/Downloads/Music/Burna-Boy-Dont-Let-Me-Drown-113-12B.mp3,Reception Dancefloor%%Rap
Nicki-Minaj-FTCU-Booty-Patrol-Remix-Dirty-140-2A,Users/rohan/Downloads/Music/Nicki-Minaj-FTCU-Booty-Patrol-Remix-Dirty-140-2A.mp3,Reception Dancefloor%%Rap
The Weeknd - The Hills - Diego Druck Remix (Dirty),Users/rohan/Downloads/Music/The Weeknd - The Hills - Diego Druck Remix (Dirty).mp3,Reception Dancefloor%%Rap
Jack-Harlow-Lovin-On-Me-Hiram-Edit-Dirty-113-6A,Users/rohan/Downloads/Music/Jack-Harlow-Lovin-On-Me-Hiram-Edit-Dirty-113-6A.mp3,Reception Dancefloor%%Rap
Justin-Bieber-YUKON-DJU-DJU-Remix-102-11A,Users/rohan/Downloads/Music/Justin-Bieber-YUKON-DJU-DJU-Remix-102-11A.mp3,Reception Dancefloor%%Rap
Tesher - Mi Gente x Badtameez Dil,Users/rohan/Downloads/Music/Tesher - Mi Gente x Badtameez Dil.mp3,Reception Dancefloor%%Rap
Rihanna-Pour-It-Up-Kira-Edit-Clean-135-11A,Users/rohan/Downloads/Music/Rihanna-Pour-It-Up-Kira-Edit-Clean-135-11A.mp3,Reception Dancefloor%%Rap
El-Alfa-4K-QURE-Edit-Dirty-122-2A,Users/rohan/Downloads/Music/El-Alfa-4K-QURE-Edit-Dirty-122-2A.mp3,Reception Dancefloor%%Rap
Don-Toliver-FWU-RED-SIP-Remix-Dirty-132-5A,Users/rohan/Downloads/Music/Don-Toliver-FWU-RED-SIP-Remix-Dirty-132-5A.mp3,Reception Dancefloor%%Rap
Pasoori_320(PagalWorld.com.sb),Users/rohan/Downloads/Music/Pasoori_320(PagalWorld.com.sb).mp3,Reception Dancefloor%%Rap
Ravi B - _ Dance Ka Bhoot Remix _ Official Music Video 2022,Users/rohan/Downloads/Music/Import New Bollywood/Ravi B - _ Dance Ka Bhoot Remix _ Official Music Video 2022.mp3,Reception Dancefloor%%Rap
Chunari Chunari (00's mix) - 1B - 130,Users/rohan/Downloads/Music/Chunari Chunari (00's mix) - 1B - 130.mp3,Reception Dancefloor%%Rap
Disco-Lines-Tinashe-No-Broke-Boys-Clean-131-1A,Users/rohan/Downloads/Music/Disco-Lines-Tinashe-No-Broke-Boys-Clean-131-1A.mp3,Reception Dancefloor%%Rap
Drake - What Did I Miss - Hills Remix (Dirty),Users/rohan/Downloads/Music/Drake - What Did I Miss - Hills Remix (Dirty).mp3,Reception Dancefloor%%Rap
Empire Of The Sun - Walking On A Dream - BLOND_ISH Remix (Intro - Clean),Users/rohan/Downloads/Music/Empire Of The Sun - Walking On A Dream - BLOND_ISH Remix (Intro - Clean).mp3,Reception Dancefloor%%Rap
FISHER & Jennifer Lopez - Waiting For Tonight - Mark Anthony Show Me Love Edit,Users/rohan/Downloads/Music/FISHER & Jennifer Lopez - Waiting For Tonight - Mark Anthony Show Me Love Edit.mp3,Reception Dancefloor%%Rap
HUGEL-Topic-Arash-feat.-Daecolm-I-Adore-You-ARTBAT-Remix-124-10A,Users/rohan/Downloads/Music/HUGEL-Topic-Arash-feat.-Daecolm-I-Adore-You-ARTBAT-Remix-124-10A.mp3,Reception Dancefloor%%Rap
Meduza-feat.-Goodboys-Piece-Of-Your-Heart-DJ-Dark-MD-DJ-Remix-Radio-Edit-126-2A,Users/rohan/Downloads/Music/Meduza-feat.-Goodboys-Piece-Of-Your-Heart-DJ-Dark-MD-DJ-Remix-Radio-Edit-126-2A.mp3,Reception Dancefloor%%Rap
Martin Garrix - Animals (Intro Edit) (Clean) 127,Users/rohan/Downloads/Music/Martin Garrix - Animals (Intro Edit) (Clean) 127.mp3,Reception Dancefloor%%Rap
El-Alfa-CJ-Chael-Produciendo-feat.-El-Cherry-Scom-vs.-Nina-Sky-La-Mama-de-la-Mama-Kupyd-Move-Ya-Body-Edit-Dirty-128-11A,Users/rohan/Downloads/Music/El-Alfa-CJ-Chael-Produciendo-feat.-El-Cherry-Scom-vs.-Nina-Sky-La-Mama-de-la-Mama-Kupyd-Move-Ya-Body-Edit-Dirty-128-11A.mp3,Reception Dancefloor%%Rap
08 Pehli Nazar (desiton),Users/rohan/Downloads/Music/08 Pehli Nazar (desiton).mp3,Reception Dancefloor%%Rap
Make My Love Go (Maluma Remix),Users/rohan/Downloads/Music/Make My Love Go (Maluma Remix).mp3,Reception Dancefloor%%Rap
Pitbull_Rain-05.Rain Over Me (Quintino Remix),Users/rohan/Downloads/Music/Pitbull_Rain-05.Rain Over Me (Quintino Remix).mp3,Reception Dancefloor%%Rap
Future - Solo (Intro Clean),Users/rohan/Downloads/Music/Future - Solo (Intro Clean).mp3,Reception Dancefloor%%Rap
Waka Flocka Flame - Grove St. Party (Clean),Users/rohan/Downloads/Music/Waka Flocka Flame - Grove St. Party (Clean).mp3,Reception Dancefloor%%Rap
Travis Scott &038; CHASE B - 01 FE!N (CHASE B REMIX),Users/rohan/Downloads/Music/Travis Scott &038; CHASE B - 01 FE!N (CHASE B REMIX).m4a,Music
One Direction - What Makes You Beautiful (CK Intro - Clean),Users/rohan/Downloads/Music/One Direction - What Makes You Beautiful (CK Intro - Clean).mp3,Music
Luis-Fonsi-Daddy-Yankee-Despacito-DJ-LEAD-Remix-100-10A,Users/rohan/Downloads/Music/Luis-Fonsi-Daddy-Yankee-Despacito-DJ-LEAD-Remix-100-10A.mp3,Music
Chunnari Chunnari (Wedding Style Remix) _ DJ Kaash _ Biwi No.1 _ Salman Khan _ Sushmita Sen,Users/rohan/Downloads/Music/Chunnari Chunnari (Wedding Style Remix) _ DJ Kaash _ Biwi No.1 _ Salman Khan _ Sushmita Sen.mp3,Music
A.R. Rahman - Jai Ho (KVM & Zen Flo Remix) [From Slumdog Millionaire] FINAL MASTER,Users/rohan/Downloads/Music/A.R. Rahman - Jai Ho (KVM & Zen Flo Remix) [From Slumdog Millionaire] FINAL MASTER.wav,Music
Avicii-feat.-Aloe-Blacc-Wake-Me-Up-SRY-2023-Remix-128-10A,Users/rohan/Downloads/Music/Avicii-feat.-Aloe-Blacc-Wake-Me-Up-SRY-2023-Remix-128-10A.mp3,Music
The-Weeknd-Playboi-Carti-Timeless-THUGLI-Remix-Dirty-125-10A,Users/rohan/Downloads/Music/The-Weeknd-Playboi-Carti-Timeless-THUGLI-Remix-Dirty-125-10A.mp3,Music
Love Mera Hit Hit - (Raag.Fm),Users/rohan/Downloads/Music/Love Mera Hit Hit - (Raag.Fm).mp3,Music
"Tegi Pannu, Manni Sandhu & Navaan Sandhu - Addicted (Intro)","Users/rohan/Downloads/Music/Tegi Pannu, Manni Sandhu & Navaan Sandhu - Addicted (Intro).mp3",Music
A Sky Full Of Stars (Robin Schulz Remix),Users/rohan/Downloads/Music/A Sky Full Of Stars (Robin Schulz Remix).mp3,Music
Bryson Tiller - Whatever She Wants (CK Intro - Dirty) 8A 96,Users/rohan/Downloads/Music/Bryson Tiller - Whatever She Wants (CK Intro - Dirty) 8A 96.mp3,Music
DJ-Snake-feat.-Future-Travis-Scott-Tsunami-HMC-Pt.-2-Intro-Clean-70-1A,Users/rohan/Downloads/Music/DJ-Snake-feat.-Future-Travis-Scott-Tsunami-HMC-Pt.-2-Intro-Clean-70-1A.mp3,Music
Lady-Gaga-feat.-Colby-ODonis-Just-Dance-Benji-Fink-2023-Remix-132-12A,Users/rohan/Downloads/Music/Lady-Gaga-feat.-Colby-ODonis-Just-Dance-Benji-Fink-2023-Remix-132-12A.mp3,Music
TLC - No Scrubs (Intro Clean),Users/rohan/Downloads/Music/TLC - No Scrubs (Intro Clean).mp3,Music
Future - Solo (Intro Clean),Users/rohan/Downloads/Music/Future - Solo (Intro Clean).mp3,Music
Waka Flocka Flame - Grove St. Party (Clean),Users/rohan/Downloads/Music/Waka Flocka Flame - Grove St. Party (Clean).mp3,Music
Double Addi (Afro House Edit) - DJ Aura (1),Users/rohan/Downloads/Music/Double Addi (Afro House Edit) - DJ Aura (1).wav,Music
Kisi Disco Mein X Amplifier - Rhythm Flyp (hearthis.at) 3,Users/rohan/Downloads/Music/Kisi Disco Mein X Amplifier - Rhythm Flyp (hearthis.at) 3.mp3,Music
Shardaysa Jones - Give Me My Gots (Beataholic Intro) (Clean) 101,Users/rohan/Downloads/Music/Shardaysa Jones - Give Me My Gots (Beataholic Intro) (Clean) 101.mp3,Music
Rock N Roll Soniye - DJ Harsh Remix (Shattered Edit)(FINAL),Users/rohan/Downloads/Music/Rock N Roll Soniye - DJ Harsh Remix (Shattered Edit)(FINAL).m4a,Music
Kanye West - Good Life [HH Clean Intro] 3A 85,Users/rohan/Downloads/Music/Kanye West - Good Life [HH Clean Intro] 3A 85.mp3,Music
BAND4BAND (HILLS RMX) ,Users/rohan/Downloads/Music/BAND4BAND (HILLS RMX) .mp3,Music
Flo Milli  - Never Lose Me (Intro Clean),Users/rohan/Downloads/Music/Flo Milli  - Never Lose Me (Intro Clean).mp3,Music
DaBaby-SHAKE-SUMN-Intro-Clean-143-1A,Users/rohan/Downloads/Music/DaBaby-SHAKE-SUMN-Intro-Clean-143-1A.mp3,Music
DIVINE & Karan Aujla - Tareefan (DJcity Intro),Users/rohan/Downloads/Music/DIVINE & Karan Aujla - Tareefan (DJcity Intro).mp3,Music
El-Alfa-CJ-Chael-Produciendo-feat.-El-Cherry-Scom-vs.-Nina-Sky-La-Mama-de-la-Mama-Kupyd-Move-Ya-Body-Edit-Dirty-128-11A,Users/rohan/Downloads/Music/El-Alfa-CJ-Chael-Produciendo-feat.-El-Cherry-Scom-vs.-Nina-Sky-La-Mama-de-la-Mama-Kupyd-Move-Ya-Body-Edit-Dirty-128-11A.mp3,Music
Lil-Uzi-Vert-Chanel-Boy-Intro-Dirty-70-3A,Users/rohan/Downloads/Music/Lil-Uzi-Vert-Chanel-Boy-Intro-Dirty-70-3A.mp3,Music
Boy's A Liar Pt. 2 (HOEST & Sev House Edit),Users/rohan/Downloads/Music/Boy's A Liar Pt. 2 (HOEST & Sev House Edit).mp3,Music
Millionaire_320(PagalWorld.com.sb),Users/rohan/Downloads/Music/Millionaire_320(PagalWorld.com.sb).mp3,Music
Nicky Jam - Hasta El Amanecer  Intro ,Users/rohan/Downloads/Music/Nicky Jam - Hasta El Amanecer  Intro .mp3,Music
"Rihanna X AFROKHIN, BDT, SB - Bitch Better Have My Money Calabria (Fabien Pizar mashup)","Users/rohan/Downloads/Music/Rihanna X AFROKHIN, BDT, SB - Bitch Better Have My Money Calabria (Fabien Pizar mashup).mp3",Music
Pitbull_Rain-05.Rain Over Me (Quintino Remix),Users/rohan/Downloads/Music/Pitbull_Rain-05.Rain Over Me (Quintino Remix).mp3,Music
Travis Scott 12A 80 - Topia Twins (Wingman) (Clean - 80BPM),Users/rohan/Downloads/Music/Travis Scott 12A 80 - Topia Twins (Wingman) (Clean - 80BPM).mp3,Music
Saweetie-Tap-In-PeteDown-Mix-Clean-100-5A,Users/rohan/Downloads/Music/Saweetie-Tap-In-PeteDown-Mix-Clean-100-5A.mp3,Music
Mark-Villa-Riptide-125-5A,Users/rohan/Downloads/Music/Mark-Villa-Riptide-125-5A.mp3,Music
Teejay-Davido-Drift-Remix-Intro-Clean-100-7A,Users/rohan/Downloads/Music/Teejay-Davido-Drift-Remix-Intro-Clean-100-7A.mp3,Music
Cherrelle - I Didn't Mean To Turn You On [80s Redrum] (Intro Edit) (Clean),Users/rohan/Downloads/Music/Cherrelle - I Didn't Mean To Turn You On [80s Redrum] (Intro Edit) (Clean).mp3,Music
Meduza-feat.-Goodboys-Piece-Of-Your-Heart-DJ-Dark-MD-DJ-Remix-Radio-Edit-126-2A,Users/rohan/Downloads/Music/Meduza-feat.-Goodboys-Piece-Of-Your-Heart-DJ-Dark-MD-DJ-Remix-Radio-Edit-126-2A.mp3,Music
Avvy Sra & Karan Aujla - White Brown Black (Intro),Users/rohan/Downloads/Music/Avvy Sra & Karan Aujla - White Brown Black (Intro).mp3,Music
Kisi Disco Mein X Amplifier - Rhythm Flyp (hearthis.at) 2,Users/rohan/Downloads/Music/Kisi Disco Mein X Amplifier - Rhythm Flyp (hearthis.at) 2.mp3,Music
Nina-Sky-Move-Ya-Body-saie-Edit-129-12A,Users/rohan/Downloads/Music/Nina-Sky-Move-Ya-Body-saie-Edit-129-12A.mp3,Music
Mayur Thakor    RanBaaka Bhathiji   Hits Of Gujarati Song  Jay Shree Ambe Sound,Users/rohan/Downloads/Music/Mayur Thakor    RanBaaka Bhathiji   Hits Of Gujarati Song  Jay Shree Ambe Sound.mp3,Music
"Black Eyed Peas, Ozuna & J. Rey Soul - MAMACITA (CK Intro - Clean)","Users/rohan/Downloads/Music/Black Eyed Peas, Ozuna & J. Rey Soul - MAMACITA (CK Intro - Clean).mp3",Music
Pitbull ft Kesha - TIMBER (Francesco Ken x Alessio Centra Remix),Users/rohan/Downloads/Music/Pitbull ft Kesha - TIMBER (Francesco Ken x Alessio Centra Remix).wav,Music
41-Kyle-Richh-Jenn-Carter-TaTa-Sexyy-Red-Bent-Remix-Intro-Dirty-124-8A,Users/rohan/Downloads/Music/41-Kyle-Richh-Jenn-Carter-TaTa-Sexyy-Red-Bent-Remix-Intro-Dirty-124-8A.mp3,Music
Jay-Z - Public Service Announcement (Interlude) (CK Intro - Clean),Users/rohan/Downloads/Music/Jay-Z - Public Service Announcement (Interlude) (CK Intro - Clean).mp3,Music
JOHN LEGEND - ALL OF ME (PAULK 'O BRYANT REMIX) ,Users/rohan/Downloads/Music/JOHN LEGEND - ALL OF ME (PAULK 'O BRYANT REMIX) .wav,Music
Soniye Ve (Kismat Konnection) - (Raag.Fm),Users/rohan/Downloads/Music/Soniye Ve (Kismat Konnection) - (Raag.Fm).mp3,Music
Drake - GIMME A HUG (DJ ROCCO & DJ EVER B Remix) (Dirty),Users/rohan/Downloads/Music/Drake - GIMME A HUG (DJ ROCCO & DJ EVER B Remix) (Dirty).mp3,Music
Too Short - Blow The Whistle (Intro) (Dirty),Users/rohan/Downloads/Music/Too Short - Blow The Whistle (Intro) (Dirty).mp3,Music
Whole Lotta Lovin (Instrumental),Users/rohan/Downloads/Music/Whole Lotta Lovin (Instrumental).mp3,Music
Ne-Yo-Miss-Independent-SMASHA-Edit-90-2A,Users/rohan/Downloads/Music/Ne-Yo-Miss-Independent-SMASHA-Edit-90-2A.mp3,Music
Afrojack & Eva Simons vs Third Party - Take Over Control (Frank Williams 2024 Edit) Clean 5B 128,Users/rohan/Downloads/Music/Afrojack & Eva Simons vs Third Party - Take Over Control (Frank Williams 2024 Edit) Clean 5B 128.mp3,Music
"Black Eyed Peas, Ozuna & J. Rey Soul - MAMACITA (CK Intro - Dirty)","Users/rohan/Downloads/Music/Black Eyed Peas, Ozuna & J. Rey Soul - MAMACITA (CK Intro - Dirty).mp3",Music
Kendrick Lamar & SZA - luther (Intro Dirty),Users/rohan/Downloads/Music/Kendrick Lamar & SZA - luther (Intro Dirty).mp3,Music
El-Alfa-4K-QURE-Edit-Dirty-122-2A,Users/rohan/Downloads/Music/El-Alfa-4K-QURE-Edit-Dirty-122-2A.mp3,Music
Jay-Z - Public Service Announcement (Interlude) (CK Intro - Dirty),Users/rohan/Downloads/Music/Jay-Z - Public Service Announcement (Interlude) (CK Intro - Dirty).mp3,Music
Day-N-Nite-Sosa-2021-Edit-Intro,Users/rohan/Downloads/Music/Day-N-Nite-Sosa-2021-Edit-Intro.mp3,Music
Melii-feat.-A-Boogie-Wit-Da-Hoodie-HML-Intro-Dirty-100-12A,Users/rohan/Downloads/Music/Melii-feat.-A-Boogie-Wit-Da-Hoodie-HML-Intro-Dirty-100-12A.mp3,Music
John-Summit-Hayla-Where-You-Are-Radio-Edit-126-8A,Users/rohan/Downloads/Music/John-Summit-Hayla-Where-You-Are-Radio-Edit-126-8A.mp3,Music
HUGEL-SOLTO-FR-Jamaican-Bam-Bam-ATCG-Edit-128-8A,Users/rohan/Downloads/Music/HUGEL-SOLTO-FR-Jamaican-Bam-Bam-ATCG-Edit-128-8A.mp3,Music
Natasha Bedingfield - These Words (Sickmix Intro) (Clean) 97,Users/rohan/Downloads/Music/Natasha Bedingfield - These Words (Sickmix Intro) (Clean) 97.mp3,Music
Drake - GIMME A HUG (DJ ROCCO & DJ EVER B Remix) (Clean),Users/rohan/Downloads/Music/Drake - GIMME A HUG (DJ ROCCO & DJ EVER B Remix) (Clean).mp3,Music
HUGEL - WTF - Tujamo Remix (Dirty),Users/rohan/Downloads/Music/HUGEL - WTF - Tujamo Remix (Dirty).mp3,Music
Shubh - Cheques (Intro),Users/rohan/Downloads/Music/Shubh - Cheques (Intro).mp3,Music
Keke Do You Love Me | Desi Dhol Mix | Drake | In My Feelings | Bhangra Song | Viral Song 2018,Users/rohan/Downloads/Music/Keke Do You Love Me | Desi Dhol Mix | Drake | In My Feelings | Bhangra Song | Viral Song 2018.m4a,Music
Too Short - Blow The Whistle (Intro) (Clean),Users/rohan/Downloads/Music/Too Short - Blow The Whistle (Intro) (Clean).mp3,Music
Nelly - Ride Wit Me (Clean Intro),Users/rohan/Downloads/Music/Nelly - Ride Wit Me (Clean Intro).mp3,Music
Justin-Bieber-YUKON-DJU-DJU-Remix-102-11A,Users/rohan/Downloads/Music/Justin-Bieber-YUKON-DJU-DJU-Remix-102-11A.mp3,Music
Hero (MetroMix),Users/rohan/Downloads/Music/Hero (MetroMix).mp3,Music
"The Chainsmokers, Jonita Gandhi, Guru Randhawa - Addicted (ਆਦੀ) feat Zerb, Ink","Users/rohan/Downloads/Music/The Chainsmokers, Jonita Gandhi, Guru Randhawa - Addicted (ਆਦੀ) feat Zerb, Ink.mp3",Music
Aaj Ki Raat - PagalHits,Users/rohan/Downloads/Music/Aaj Ki Raat - PagalHits.mp3,Music
"Chani Nattan, Miss Pooja ft. Inderpal Moga - Case (DJcity Intro)","Users/rohan/Downloads/Music/Chani Nattan, Miss Pooja ft. Inderpal Moga - Case (DJcity Intro).mp3",Music
Travis Scott - Highest In The Room (Falquiat Remix),Users/rohan/Downloads/Music/Travis Scott - Highest In The Room (Falquiat Remix).mp3,Music
Rihanna-Pour-It-Up-Kira-Edit-Clean-135-11A,Users/rohan/Downloads/Music/Rihanna-Pour-It-Up-Kira-Edit-Clean-135-11A.mp3,Music
Kendrick Lamar - Not Like Us (CK Intro - Clean) 9A 101 (2),Users/rohan/Downloads/Music/Kendrick Lamar - Not Like Us (CK Intro - Clean) 9A 101 (2).mp3,Music
Brent-Faiyaz-Tommy-Richman-FELIX-Upset-Intro-Clean-68-12A,Users/rohan/Downloads/Music/Brent-Faiyaz-Tommy-Richman-FELIX-Upset-Intro-Clean-68-12A.mp3,Music
Pump Up The Jam (Intro - Clean),Users/rohan/Downloads/Music/Pump Up The Jam (Intro - Clean).mp3,Music
Simen-Sez-Champagne-Navajo-114,Users/rohan/Downloads/Music/Simen-Sez-Champagne-Navajo-114.mp3,Music
Taylor Swift - Love Story (C-Mireles Disco Remix)1 126,Users/rohan/Downloads/Music/Taylor Swift - Love Story (C-Mireles Disco Remix)1 126.mp3,Music
Tegi Pannu - Schedule (Intro),Users/rohan/Downloads/Music/Tegi Pannu - Schedule (Intro).mp3,Music
Flo Milli  - Never Lose Me (Intro Dirty),Users/rohan/Downloads/Music/Flo Milli  - Never Lose Me (Intro Dirty).mp3,Music
The Weeknd - Give Me Mercy [Intro Clean],Users/rohan/Downloads/Music/The Weeknd - Give Me Mercy [Intro Clean].mp3,Music
Chunari Chunari (00's mix) - 1B - 130,Users/rohan/Downloads/Music/Chunari Chunari (00's mix) - 1B - 130.mp3,Music
Vybz Kartel - Fever - DJ Lub's Remix (Dirty),Users/rohan/Downloads/Music/Vybz Kartel - Fever - DJ Lub's Remix (Dirty).mp3,Music
Jay-Z & Kanye West - Niggas In Paris (CK Intro - Dirty),Users/rohan/Downloads/Music/Jay-Z & Kanye West - Niggas In Paris (CK Intro - Dirty).mp3,Music
Tesher - Mi Gente x Badtameez Dil,Users/rohan/Downloads/Music/Tesher - Mi Gente x Badtameez Dil.mp3,Music
"PARTYNEXTDOOR, Drake - SOMEBODY LOVES ME (esentrik edit) (Dirty)","Users/rohan/Downloads/Music/PARTYNEXTDOOR, Drake - SOMEBODY LOVES ME (esentrik edit) (Dirty).mp3",Music
IN PARIS (Jiinio Remix),Users/rohan/Downloads/Music/IN PARIS (Jiinio Remix).mp3,Music
Karan Aujla & MXRCI - Winning Speech - DJ Nick Dhillon Desi Edit,Users/rohan/Downloads/Music/Karan Aujla & MXRCI - Winning Speech - DJ Nick Dhillon Desi Edit.mp3,Music
Nicki-Minaj-FTCU-Booty-Patrol-Remix-Dirty-140-2A,Users/rohan/Downloads/Music/Nicki-Minaj-FTCU-Booty-Patrol-Remix-Dirty-140-2A.mp3,Music
Waka Flocka Flame ft Wale & Roscoe Dash - No Hands (Club Killers Remix Epic In) Clean CK Cut 12A 140,Users/rohan/Downloads/Music/Waka Flocka Flame ft Wale & Roscoe Dash - No Hands (Club Killers Remix Epic In) Clean CK Cut 12A 140.mp3,Music
Drake - Childs Play (Clean),Users/rohan/Downloads/Music/Drake - Childs Play (Clean).mp3,Music
Jack-Harlow-Lovin-On-Me-Hiram-Edit-Dirty-113-6A,Users/rohan/Downloads/Music/Jack-Harlow-Lovin-On-Me-Hiram-Edit-Dirty-113-6A.mp3,Music
B.O.B. - Airplanes (Zero Tolerance Remix)[Clean],Users/rohan/Downloads/Music/B.O.B. - Airplanes (Zero Tolerance Remix)[Clean].mp3,Music
Pakka-Local-MassTamilan.dev,Users/rohan/Downloads/Music/Pakka-Local-MassTamilan.dev.mp3,Music
Karan Aujla Feat. Nora Fatehi - Aaye Haaye,Users/rohan/Downloads/Music/Karan Aujla Feat. Nora Fatehi - Aaye Haaye.mp3,Music
Neel S Chhabra - Ho Gaya Sharabi (Neel S Chhabra Revibe),Users/rohan/Downloads/Music/Neel S Chhabra - Ho Gaya Sharabi (Neel S Chhabra Revibe).mp3,Music
Akon  -  Don't Matter (Intro),Users/rohan/Downloads/Music/Akon  -  Don't Matter (Intro).mp3,Music
08 Pehli Nazar (desiton),Users/rohan/Downloads/Music/08 Pehli Nazar (desiton).mp3,Music
TLC - No Scrubs (2),Users/rohan/Downloads/Music/TLC - No Scrubs (2).mp3,Music
Daddy Yankee - Con Calma - Da Phonk Club Edit,Users/rohan/Downloads/Music/Daddy Yankee - Con Calma - Da Phonk Club Edit.mp3,Music
Kendrick Lamar Ft. Sza - Luther (Intro Clean) 138,Users/rohan/Downloads/Music/Kendrick Lamar Ft. Sza - Luther (Intro Clean) 138.mp3,Music
Notorious B.I.G ft 112 - Sky's The Limit (Clean),Users/rohan/Downloads/Music/Notorious B.I.G ft 112 - Sky's The Limit (Clean).mp3,Music
Billie Eilish - Ocean Eyes,Users/rohan/Downloads/Music/Billie Eilish - Ocean Eyes.mp3,Music
Martin Garrix - Animals (Intro Edit) (Clean) 127,Users/rohan/Downloads/Music/Martin Garrix - Animals (Intro Edit) (Clean) 127.mp3,Music
JRK - Aaja Maria 98 8A,Users/rohan/Downloads/Music/JRK - Aaja Maria 98 8A.mp3,Music
086. Brett Young - Lady,Users/rohan/Downloads/Music/086. Brett Young - Lady.mp3,Music
Kendrick Lamar & SZA - All The Stars (Intro - Clean),Users/rohan/Downloads/Music/Kendrick Lamar & SZA - All The Stars (Intro - Clean).mp3,Music
Soulja-Boy-feat.-Sammie-Kiss-Me-Thru-The-Phone-Cody-Ko-Remix-135-2A,Users/rohan/Downloads/Music/Soulja-Boy-feat.-Sammie-Kiss-Me-Thru-The-Phone-Cody-Ko-Remix-135-2A.mp3,Music
A Boogie With Da Hoodie - Jungle (Collini Electronic Pulse Redrum Edit) (Dirty) 6A 95,Users/rohan/Downloads/Music/A Boogie With Da Hoodie - Jungle (Collini Electronic Pulse Redrum Edit) (Dirty) 6A 95.mp3,Music
P-Square - Personally (AZ DJ Melo Edit),Users/rohan/Downloads/Music/P-Square - Personally (AZ DJ Melo Edit).mp3,Music
Macklemore & Ryan Lewis ft. Ray Dalton - Can't Hold Us - Richastic Remix (Intro - Clean),Users/rohan/Downloads/Music/Macklemore & Ryan Lewis ft. Ray Dalton - Can't Hold Us - Richastic Remix (Intro - Clean).mp3,Music
Where Do You Go (Ocean Drive Mix - 127 BPM),Users/rohan/Downloads/Music/Where Do You Go (Ocean Drive Mix - 127 BPM).mp3,Music
Lirico En La Casa - El Motorcito (Intro - Clean) 4A 118,Users/rohan/Downloads/Music/Lirico En La Casa - El Motorcito (Intro - Clean) 4A 118.mp3,Music
Rihanna - Dont Stop The Music (Afro-House) 123 Bpm 123,Users/rohan/Downloads/Music/Rihanna - Dont Stop The Music (Afro-House) 123 Bpm 123.mp3,Music
Beyoncé - Crazy In Love (Steve D Redrum)[CLEAN],Users/rohan/Downloads/Music/Beyoncé - Crazy In Love (Steve D Redrum)[CLEAN].mp3,Music
Tyla - Water (CK Intro - Clean) 3A 117,Users/rohan/Downloads/Music/Tyla - Water (CK Intro - Clean) 3A 117.mp3,Music
Don-Toliver-FWU-RED-SIP-Remix-Dirty-132-5A,Users/rohan/Downloads/Music/Don-Toliver-FWU-RED-SIP-Remix-Dirty-132-5A.mp3,Music
Drake & Central Cee - Which One - Trayze Remix (Clean),Users/rohan/Downloads/Music/Drake & Central Cee - Which One - Trayze Remix (Clean).mp3,Music
Drake - Virginia Beach (Intro Dirty),Users/rohan/Downloads/Music/Drake - Virginia Beach (Intro Dirty).mp3,Music
"Bruno Mars & Sexyy Red - Fat, Juicy, & Wet (DJ ROCCO & DJ EVER B R&B Remix) (Clean)","Users/rohan/Downloads/Music/Bruno Mars & Sexyy Red - Fat, Juicy, & Wet (DJ ROCCO & DJ EVER B R&B Remix) (Clean).mp3",Music
Moliy & Silent Addy ft. Skillibeng & Shenseea - Shake It To The Max (FLY) - MarkCutz Miami Bass Remix (Intro - Clean),Users/rohan/Downloads/Music/Moliy & Silent Addy ft. Skillibeng & Shenseea - Shake It To The Max (FLY) - MarkCutz Miami Bass Remix (Intro - Clean).mp3,Music
Bryson Tiller Don´t (FNKY Remix),Users/rohan/Downloads/Music/Bryson Tiller Don´t (FNKY Remix).mp3,Music
Calvin Harris - Summer (Starjack Epic Redrum)[Clean],Users/rohan/Downloads/Music/Calvin Harris - Summer (Starjack Epic Redrum)[Clean].mp3,Music
Destiny&#039;s Child - Say My Name (2),Users/rohan/Downloads/Music/Destiny&#039;s Child - Say My Name (2).mp3,Music
Roshan Prince - Look - Deejay JSG Remix,Users/rohan/Downloads/Music/Roshan Prince - Look - Deejay JSG Remix.mp3,Music
Suave - El Alfa - LeXeDIT - Dembow Horn Intro - Outro - 120 Bpm,Users/rohan/Downloads/Music/Suave - El Alfa - LeXeDIT - Dembow Horn Intro - Outro - 120 Bpm.mp3,Music
Bryson Tiller - Whatever She Wants (Dirty),Users/rohan/Downloads/Music/Bryson Tiller - Whatever She Wants (Dirty).mp3,Music
Baby Bash - Suga Suga (Clean Intro) 83,Users/rohan/Downloads/Music/Baby Bash - Suga Suga (Clean Intro) 83.mp3,Music
Rufus-Du-Sol-Innerbloom-Franz-Ragga-2021-Mix-127-6A,Users/rohan/Downloads/Music/Rufus-Du-Sol-Innerbloom-Franz-Ragga-2021-Mix-127-6A.mp3,Music
Don Toliver & Speedy – LV Bag (DJ ROCCO & DJ EVER B Remix) (Dirty),Users/rohan/Downloads/Music/Don Toliver & Speedy – LV Bag (DJ ROCCO & DJ EVER B Remix) (Dirty).mp3,Music
54- Axwell __ Ingrosso - More Than You Know,Users/rohan/Downloads/Music/54- Axwell __ Ingrosso - More Than You Know.mp3,Music
Future Ft. Drake - Where Ya At (Dirty Intro) 108,Users/rohan/Downloads/Music/Future Ft. Drake - Where Ya At (Dirty Intro) 108.mp3,Music
Central Cee feat. Lil Durk - Truth in the Lies (DJ ROCCO & DJ EVER B Remix) (Clean),Users/rohan/Downloads/Music/Central Cee feat. Lil Durk - Truth in the Lies (DJ ROCCO & DJ EVER B Remix) (Clean).mp3,Music
Baby (NOAYDI Afro House Remix) Extended,Users/rohan/Downloads/Music/Baby (NOAYDI Afro House Remix) Extended.wav,Music
Radha (Student Of The Year) - (Raag.Fm),Users/rohan/Downloads/Music/Radha (Student Of The Year) - (Raag.Fm).mp3,Music
"Bran, Afronom, Mannymore - Lugar Favorito 120","Users/rohan/Downloads/Music/Bran, Afronom, Mannymore - Lugar Favorito 120.mp3",Music
Pitbull - Guantanamera (She's Hot) - Alex Selas Alors On Danse Remix,Users/rohan/Downloads/Music/Pitbull - Guantanamera (She's Hot) - Alex Selas Alors On Danse Remix.mp3,Music
Avish Jain performance music,Users/rohan/Downloads/Music/Avish Jain performance music.mp3,Music
Tory Lanez & Ozuna - Pa Mi [Intro - Clean],Users/rohan/Downloads/Music/Tory Lanez & Ozuna - Pa Mi [Intro - Clean].mp3,Music
Right Now (FaceTyme Remix) 132 Ebm (1),Users/rohan/Downloads/Music/Right Now (FaceTyme Remix) 132 Ebm (1).mp3,Music
The Weeknd - The Hills - Diego Druck Remix (Dirty),Users/rohan/Downloads/Music/The Weeknd - The Hills - Diego Druck Remix (Dirty).mp3,Music
London Thumakda x Can't Hold Us v5,Users/rohan/Downloads/Music/London Thumakda x Can't Hold Us v5.mp3,Music
Central Cee feat. Lil Durk - Truth in the Lies (DJ ROCCO & DJ EVER B Remix) (Dirty),Users/rohan/Downloads/Music/Central Cee feat. Lil Durk - Truth in the Lies (DJ ROCCO & DJ EVER B Remix) (Dirty).mp3,Music
HUGEL-Nicone-Sascha-Braemer-Tony-Romera-feat.-Mydoz-Caje-124-4A,Users/rohan/Downloads/Music/HUGEL-Nicone-Sascha-Braemer-Tony-Romera-feat.-Mydoz-Caje-124-4A.mp3,Music
Disco-Lines-Tinashe-No-Broke-Boys-Clean-131-1A,Users/rohan/Downloads/Music/Disco-Lines-Tinashe-No-Broke-Boys-Clean-131-1A.mp3,Music
Timbaland - The Way I Are (Higher Lane & HLX Afro Remix),Users/rohan/Downloads/Music/Timbaland - The Way I Are (Higher Lane & HLX Afro Remix).wav,Music
Rebecca - Ryan Castro - Dj Wilmer Duran - Reggaeton Intro Break & Outro - 95bpm,Users/rohan/Downloads/Music/Rebecca - Ryan Castro - Dj Wilmer Duran - Reggaeton Intro Break & Outro - 95bpm.mp3,Music
ASAP Ferg - Plain Jane (CK Intro - Clean) 2A 85,Users/rohan/Downloads/Music/ASAP Ferg - Plain Jane (CK Intro - Clean) 2A 85.mp3,Music
Na Na Na Re full song,Users/rohan/Downloads/Music/Na Na Na Re full song.mp3,Music
Shake it to 'O Sajna' (Intro - Clean),Users/rohan/Downloads/Music/Shake it to 'O Sajna' (Intro - Clean).mp3,Music
FISHER & Jennifer Lopez - Waiting For Tonight - Mark Anthony Show Me Love Edit,Users/rohan/Downloads/Music/FISHER & Jennifer Lopez - Waiting For Tonight - Mark Anthony Show Me Love Edit.mp3,Music
133. The Black Eyed Peas - I Gotta Feeling (Intro - Clean) Ck Cut,Users/rohan/Downloads/Music/133. The Black Eyed Peas - I Gotta Feeling (Intro - Clean) Ck Cut.mp3,Music
Cymatics - White Noise Uplifter 9,Users/rohan/Downloads/Music/Cymatics - White Noise Uplifter 9.wav,Music
Siangyoo (Snooze),Users/rohan/Downloads/Music/Siangyoo (Snooze).mp3,Music
Kanye West - Cant Tell Me Nothing (Intro - Clean),Users/rohan/Downloads/Music/Kanye West - Cant Tell Me Nothing (Intro - Clean).mp3,Music
Travis Scott - Antidote (CK Intro - Dirty) 2A 65,Users/rohan/Downloads/Music/Travis Scott - Antidote (CK Intro - Dirty) 2A 65.mp3,Music
Drake - What Did I Miss (CK Intro - Clean) 7A 64,Users/rohan/Downloads/Music/Drake - What Did I Miss (CK Intro - Clean) 7A 64.mp3,Music
Killer Mike - HUMBLE ME (CK Intro - Clean) 4A 69,Users/rohan/Downloads/Music/Killer Mike - HUMBLE ME (CK Intro - Clean) 4A 69.mp3,Music
"HUGEL, Lirico En La Casa & Merk & Kremont - Marianela (Qué Pasa)","Users/rohan/Downloads/Music/HUGEL, Lirico En La Casa & Merk & Kremont - Marianela (Qué Pasa).mp3",Music
Make My Love Go (Maluma Remix),Users/rohan/Downloads/Music/Make My Love Go (Maluma Remix).mp3,Music
The Weeknd Ft Future Low Life Redrum Dirty,Users/rohan/Downloads/Music/The Weeknd Ft Future Low Life Redrum Dirty.mp3,Music
Justin-Bieber-DAISIES-MOOSE-Edit-105-4A,Users/rohan/Downloads/Music/Justin-Bieber-DAISIES-MOOSE-Edit-105-4A.mp3,Music
Kendrick Lamar & SZA - All The Stars (Intro - Dirty),Users/rohan/Downloads/Music/Kendrick Lamar & SZA - All The Stars (Intro - Dirty).mp3,Music
Eo0 - Brian Matrix Remix (Clean),Users/rohan/Downloads/Music/Eo0 - Brian Matrix Remix (Clean).mp3,Music
Empire Of The Sun - Walking On A Dream - BLOND_ISH Remix (Intro - Clean),Users/rohan/Downloads/Music/Empire Of The Sun - Walking On A Dream - BLOND_ISH Remix (Intro - Clean).mp3,Music
Macklemore & Ryan Lewis ft. Ray Dalton - Can't Hold Us - Richastic Remix (Intro - Dirty),Users/rohan/Downloads/Music/Macklemore & Ryan Lewis ft. Ray Dalton - Can't Hold Us - Richastic Remix (Intro - Dirty).mp3,Music
Beyonce X Twista - Cuff It Wetter (Esentrik) FaceTyme UKG Flip - INTRO DIRTY 132,Users/rohan/Downloads/Music/Beyonce X Twista - Cuff It Wetter (Esentrik) FaceTyme UKG Flip - INTRO DIRTY 132.mp3,Music
Drake & Central Cee - Which One - Trayze Remix (Dirty),Users/rohan/Downloads/Music/Drake & Central Cee - Which One - Trayze Remix (Dirty).mp3,Music
Drake - Virginia Beach (Intro Clean),Users/rohan/Downloads/Music/Drake - Virginia Beach (Intro Clean).mp3,Music
"Bruno Mars & Sexyy Red - Fat, Juicy, & Wet (DJ ROCCO & DJ EVER B R&B Remix) (Dirty)","Users/rohan/Downloads/Music/Bruno Mars & Sexyy Red - Fat, Juicy, & Wet (DJ ROCCO & DJ EVER B R&B Remix) (Dirty).mp3",Music
Drake - What Did I Miss - Hills Remix (Dirty),Users/rohan/Downloads/Music/Drake - What Did I Miss - Hills Remix (Dirty).mp3,Music
Active x Yaad Piya - DJ Aura Edit,Users/rohan/Downloads/Music/Active x Yaad Piya - DJ Aura Edit.mp3,Music
Bad Bunny - DtMF (GROSSOMODDO Remix),Users/rohan/Downloads/Music/Bad Bunny - DtMF (GROSSOMODDO Remix).mp3,Music
Tiesto - Lay Low (Radio Edit),Users/rohan/Downloads/Music/Tiesto - Lay Low (Radio Edit).mp3,Music
Ed Sheeran F. Arijit Singh - Sapphire 95,Users/rohan/Downloads/Music/Ed Sheeran F. Arijit Singh - Sapphire 95.mp3,Music
Jerry Wallis  The Chainsmokers - Closer (R3hab Moombahton Redrum)[Clean],Users/rohan/Downloads/Music/Jerry Wallis  The Chainsmokers - Closer (R3hab Moombahton Redrum)[Clean].mp3,Music
72. Daddy Yankee Ft Anuel Aa - Adictiva (Ck Intro - Clean),Users/rohan/Downloads/Music/72. Daddy Yankee Ft Anuel Aa - Adictiva (Ck Intro - Clean).mp3,Music
Justin Timberlake  (Jay-Z) -  Suit & Tie (Intro),Users/rohan/Downloads/Music/Justin Timberlake  (Jay-Z) -  Suit & Tie (Intro).mp3,Music
ItsArius & Lynnic - Cornfield Chase (Extended Mix),Users/rohan/Downloads/Music/ItsArius & Lynnic - Cornfield Chase (Extended Mix).wav,Music
HYALYTE x MXTT HXLL - Memories (Up. Records),Users/rohan/Downloads/Music/HYALYTE x MXTT HXLL - Memories (Up. Records).wav,Music
The Weeknd - Reminder (Intro - Dirty),Users/rohan/Downloads/Music/The Weeknd - Reminder (Intro - Dirty).mp3,Music
Suit & Tie (feat. JAY Z),Users/rohan/Downloads/Music/Suit & Tie (feat. JAY Z).mp3,Music
Jay-Sean-vs.-WildVibes-Patrick-Key-Down-Dario-Valli-2023-Edit-128-10B,Users/rohan/Downloads/Music/Jay-Sean-vs.-WildVibes-Patrick-Key-Down-Dario-Valli-2023-Edit-128-10B.mp3,Music
Drake & Central Cee - Which One - Da Phonk Club Edit (Dirty),Users/rohan/Downloads/Music/Drake & Central Cee - Which One - Da Phonk Club Edit (Dirty).mp3,Music
HUGEL-Topic-Arash-feat.-Daecolm-I-Adore-You-ARTBAT-Remix-124-10A,Users/rohan/Downloads/Music/HUGEL-Topic-Arash-feat.-Daecolm-I-Adore-You-ARTBAT-Remix-124-10A.mp3,Music
Cheat Codes - Balenciaga (Extended Redrum) 126 bpm Clean,Users/rohan/Downloads/Music/Cheat Codes - Balenciaga (Extended Redrum) 126 bpm Clean.mp3,Music
Jim Jones  -  We Fly High  (Ballin) (Intro),Users/rohan/Downloads/Music/Jim Jones  -  We Fly High  (Ballin) (Intro).mp3,Music
HUGEL-David-Guetta-Kehlani-Daecolm-Think-Of-Me-120-3B,Users/rohan/Downloads/Music/HUGEL-David-Guetta-Kehlani-Daecolm-Think-Of-Me-120-3B.mp3,Music
Outkast - Hey Ya!,Users/rohan/Downloads/Music/Outkast - Hey Ya!.mp3,Music
Stevie Wonder - Isn't She Lovely (Clean),Users/rohan/Downloads/Music/Stevie Wonder - Isn't She Lovely (Clean).mp3,Music
Megan Thee Stallion & Yuki Chiba - Mamushi (ErickaVee Re-Drum Edit),Users/rohan/Downloads/Music/Megan Thee Stallion & Yuki Chiba - Mamushi (ErickaVee Re-Drum Edit).mp3,Music
CNCO - Hey DJ (Dj Intro Short)[Clean],Users/rohan/Downloads/Music/CNCO - Hey DJ (Dj Intro Short)[Clean].mp3,Music
Teriyaki Boyz - Tokyo Drift (HayaT Remix) Clean 2A 127,Users/rohan/Downloads/Music/Teriyaki Boyz - Tokyo Drift (HayaT Remix) Clean 2A 127.mp3,Music
John-Summit-Hayla-Where-You-Are-Zedd-Remix-Radio-Edit-130-8A,Users/rohan/Downloads/Music/John-Summit-Hayla-Where-You-Are-Zedd-Remix-Radio-Edit-130-8A.mp3,Music
Kehlani-Out-The-Window-Esentrik-Edit-Dirty-62-6B,Users/rohan/Downloads/Music/Kehlani-Out-The-Window-Esentrik-Edit-Dirty-62-6B.mp3,Music
Aventura-Bad-Bunny-Volvi-Tony-B-Redrum-Dirty-98-2A,Users/rohan/Downloads/Music/Aventura-Bad-Bunny-Volvi-Tony-B-Redrum-Dirty-98-2A.mp3,Music
Tegi Pannu - Schedule (Main),Users/rohan/Downloads/Music/Tegi Pannu - Schedule (Main).mp3,Music
Stromae - Alors On Danse (Dave Ruthwell 'Tribal' Edit),Users/rohan/Downloads/Music/Stromae - Alors On Danse (Dave Ruthwell 'Tribal' Edit).mp3,Music
Drake - N 2 Deep (Intro)[Clean],Users/rohan/Downloads/Music/Drake - N 2 Deep (Intro)[Clean].mp3,Music
Far East Movement - Rocketeer (NAJ Garage Edit),Users/rohan/Downloads/Music/Far East Movement - Rocketeer (NAJ Garage Edit).mp3,Music
Bad Bunny - NUEVAYoL - Rebel Remix (Dirty),Users/rohan/Downloads/Music/Bad Bunny - NUEVAYoL - Rebel Remix (Dirty).mp3,Music
Future & Lil Uzi Vert - Drankin N Smokin (CK Intro - Dirty) 7A 76,Users/rohan/Downloads/Music/Future & Lil Uzi Vert - Drankin N Smokin (CK Intro - Dirty) 7A 76.mp3,Music
Gunna - Got Damn (DJ ROCCO & DJ EVER B Remix) (Dirty),Users/rohan/Downloads/Music/Gunna - Got Damn (DJ ROCCO & DJ EVER B Remix) (Dirty).mp3,Music
Ne-Yo-Closer-Gilla-Remix-134-9A,Users/rohan/Downloads/Music/Ne-Yo-Closer-Gilla-Remix-134-9A.mp3,Music
WOST - BOASTY TEK EDIT 01 (REMIX),Users/rohan/Downloads/Music/WOST - BOASTY TEK EDIT 01 (REMIX).mp3,Music
WizTheMc-bees-honey-Take-My-Mind-Radio-Edit-114-2A,Users/rohan/Downloads/Music/WizTheMc-bees-honey-Take-My-Mind-Radio-Edit-114-2A.mp3,Music
Drake - N 2 Deep (Intro)[Dirty],Users/rohan/Downloads/Music/Drake - N 2 Deep (Intro)[Dirty].mp3,Music
Wayne Wonder - No Letting Go (Joshua Cove Edit),Users/rohan/Downloads/Music/Wayne Wonder - No Letting Go (Joshua Cove Edit).mp3,Music
Teriyaki Boyz - Tokyo Drift (Club),Users/rohan/Downloads/Music/Teriyaki Boyz - Tokyo Drift (Club).mp3,Music
Burna-Boy-Dont-Let-Me-Drown-113-12B,Users/rohan/Downloads/Music/Burna-Boy-Dont-Let-Me-Drown-113-12B.mp3,Music
"Carlos Vives, MichaelBM, Wakyin - Beso (Fruta Fresca) (Fruta Fresca)","Users/rohan/Downloads/Music/Carlos Vives, MichaelBM, Wakyin - Beso (Fruta Fresca) (Fruta Fresca).mp3",Music
Tinashe-Nasty-100-2A,Users/rohan/Downloads/Music/Tinashe-Nasty-100-2A.mp3,Music
Avicii - Levels (Retrovision Remix) (Even Steve Epic Intro) Clean 12A 128,Users/rohan/Downloads/Music/Avicii - Levels (Retrovision Remix) (Even Steve Epic Intro) Clean 12A 128.mp3,Music
Ginuwine - Pony (CK Intro - Clean),Users/rohan/Downloads/Music/Ginuwine - Pony (CK Intro - Clean).mp3,Music
Saweetie-Tap-In-Intro-Clean-100-5A,Users/rohan/Downloads/Music/Saweetie-Tap-In-Intro-Clean-100-5A.mp3,Music
PramPranWeddingAud,Users/rohan/Downloads/Music/PramPranWeddingAud.mp3,Music
Ashanti-Only-U-Fuzz-2022-Edit-130-12A,Users/rohan/Downloads/Music/Ashanti-Only-U-Fuzz-2022-Edit-130-12A.mp3,Music
LL Cool J - Jingling Baby (Clean  Intro),Users/rohan/Downloads/Music/LL Cool J - Jingling Baby (Clean  Intro).mp3,Music
Dr Dre ft Snoop Dogg - Still D.R.E. (CK Intro - Clean) ,Users/rohan/Downloads/Music/Dr Dre ft Snoop Dogg - Still D.R.E. (CK Intro - Clean) .mp3,Music
Bruno Mars - Uptown Funk (Gin and Sonic Remix),Users/rohan/Downloads/Music/Bruno Mars - Uptown Funk (Gin and Sonic Remix).mp3,Music
Pitbull & Elvis Crespo - Suave (Intro) 130,Users/rohan/Downloads/Music/Pitbull & Elvis Crespo - Suave (Intro) 130.mp3,Music
Tyla - Push 2 Start (Santeo Edit) Up. Records,Users/rohan/Downloads/Music/Tyla - Push 2 Start (Santeo Edit) Up. Records.wav,Music
Sister-Nancy-Bam-Bam-Federico-Bolletta-5HOURS-Remix-124-8A,Users/rohan/Downloads/Music/Sister-Nancy-Bam-Bam-Federico-Bolletta-5HOURS-Remix-124-8A.mp3,Music
Drake & Central Cee - Which One - Da Phonk Club Edit (Clean),Users/rohan/Downloads/Music/Drake & Central Cee - Which One - Da Phonk Club Edit (Clean).mp3,Music
Drake-feat.-Central-Cee-Which-One-Clean-120-7A,Users/rohan/Downloads/Music/Drake-feat.-Central-Cee-Which-One-Clean-120-7A.mp3,Music
Nardo Wick - Dah Dah DahDah (CK Intro - Dirty) 2A 84,Users/rohan/Downloads/Music/Nardo Wick - Dah Dah DahDah (CK Intro - Dirty) 2A 84.mp3,Music
J-Balvin-Willy-William-Mi-Gente-ATGC-Remix-122-9A,Users/rohan/Downloads/Music/J-Balvin-Willy-William-Mi-Gente-ATGC-Remix-122-9A.mp3,Music
Pasoori_320(PagalWorld.com.sb),Users/rohan/Downloads/Music/Pasoori_320(PagalWorld.com.sb).mp3,Music
Migos - Versace (Clean),Users/rohan/Downloads/Music/Migos - Versace (Clean).mp3,Music
Calvin Harris - Thinking About You - FaceTyme Remix,Users/rohan/Downloads/Music/Calvin Harris - Thinking About You - FaceTyme Remix.mp3,Music
Akon ft Eminem  - Smack That (CK Intro - Dirty),Users/rohan/Downloads/Music/Akon ft Eminem  - Smack That (CK Intro - Dirty).mp3,Music
Avril Lavigne - Sk8er Boi [Intro Clean],Users/rohan/Downloads/Music/Avril Lavigne - Sk8er Boi [Intro Clean].mp3,Music
Raabta x Secret ID ( Flipsyd ),Users/rohan/Downloads/Music/AfroDesi June25/Raabta x Secret ID ( Flipsyd ).mp3,Music
Dard E Disco x Koi Jaye x Dhamar ( Flipsyd ),Users/rohan/Downloads/Music/AfroDesi June25/Dard E Disco x Koi Jaye x Dhamar ( Flipsyd ).mp3,Music
Titliya Wargah x Impala ( Flipsyd ),Users/rohan/Downloads/Music/AfroDesi June25/Titliya Wargah x Impala ( Flipsyd ).mp3,Music
Tumse Hi x Casablanca ( Flipsyd ),Users/rohan/Downloads/Music/AfroDesi June25/Tumse Hi x Casablanca ( Flipsyd ).mp3,Music
Jhol x Manara,Users/rohan/Downloads/Music/AfroDesi June25/Jhol x Manara.mp3,Music
Chand Sifarish x Alameyo ( Flipsyd ),Users/rohan/Downloads/Music/AfroDesi June25/Chand Sifarish x Alameyo ( Flipsyd ).mp3,Music
Bol do na x  Spectrum ( Flipsyd ),Users/rohan/Downloads/Music/AfroDesi June25/Bol do na x  Spectrum ( Flipsyd ).mp3,Music
Rangeela Re x Loosing It ( Flipsyd ),Users/rohan/Downloads/Music/AfroDesi June25/Rangeela Re x Loosing It ( Flipsyd ).mp3,Music
Doobay x Fanna x Acerkte ( Flipsyd ),Users/rohan/Downloads/Music/AfroDesi June25/Doobay x Fanna x Acerkte ( Flipsyd ).mp3,Music
Urvashi Afro House Remix ( Flipsyd ),Users/rohan/Downloads/Music/AfroDesi June25/Urvashi Afro House Remix ( Flipsyd ).wav,Music
Move Your Body x Sxy ( Flipsyd ),Users/rohan/Downloads/Music/AfroDesi June25/Move Your Body x Sxy ( Flipsyd ).mp3,Music
Raanjhan x Life Is Simple ( Flipsyd ),Users/rohan/Downloads/Music/AfroDesi June25/Raanjhan x Life Is Simple ( Flipsyd ).mp3,Music
Ramta Jogi x Rakkas ( Flipsyd ),Users/rohan/Downloads/Music/AfroDesi June25/Ramta Jogi x Rakkas ( Flipsyd ).mp3,Music
Pal Pal x Malaya ( Flipsyd ),Users/rohan/Downloads/Music/AfroDesi June25/Pal Pal x Malaya ( Flipsyd ).mp3,Music
Love Tujhe x Baiana ( Flipsyd ),Users/rohan/Downloads/Music/AfroDesi June25/Love Tujhe x Baiana ( Flipsyd ).mp3,Music
Chale Jaise Hawayein x Vazilando,Users/rohan/Downloads/Music/AfroDesi June25/Chale Jaise Hawayein x Vazilando.mp3,Music
Wo Lamhe x Jungle ( Flipsyd ),Users/rohan/Downloads/Music/AfroDesi June25/Wo Lamhe x Jungle ( Flipsyd ).mp3,Music
Jatt x Sicko Mode ( Flipsyd ),Users/rohan/Downloads/Music/AfroDesi June25/Jatt x Sicko Mode ( Flipsyd ).mp3,Music
Jiya Jale x Majnuna ( Flipsyd ),Users/rohan/Downloads/Music/AfroDesi June25/Jiya Jale x Majnuna ( Flipsyd ).mp3,Music
Mann Mera x Gorah ( Flipsyd ),Users/rohan/Downloads/Music/AfroDesi June25/Mann Mera x Gorah ( Flipsyd ).mp3,Music
Wishes x The Rapture ( Flipsyd ),Users/rohan/Downloads/Music/AfroDesi June25/Wishes x The Rapture ( Flipsyd ).mp3,Music
Justin Bieber vs Belinda Carlisle - Baby (Even Steve 'Heaven Is A Place On Earth' Wordplay Edit) CK Cut - Clean 5A 130,Users/rohan/Downloads/Music/Even Steve - Useful Edits/Justin Bieber vs Belinda Carlisle - Baby (Even Steve 'Heaven Is A Place On Earth' Wordplay Edit) CK Cut - Clean 5A 130.mp3,Music
Justin Bieber vs Belinda Carlisle - Baby (Even Steve 'Heaven Is A Place On Earth' Wordplay Edit) Intro - Clean 5A 130,Users/rohan/Downloads/Music/Even Steve - Useful Edits/Justin Bieber vs Belinda Carlisle - Baby (Even Steve 'Heaven Is A Place On Earth' Wordplay Edit) Intro - Clean 5A 130.mp3,Music
Chief Keef vs MR.BLACK - Don't Like (Even Steve 'After Party' Bootleg) Intro - Dirty 11A 128,Users/rohan/Downloads/Music/Even Steve - Useful Edits/Chief Keef vs MR.BLACK - Don't Like (Even Steve 'After Party' Bootleg) Intro - Dirty 11A 128.mp3,Music
"Miley Cyrus, Hannah Montana - Best Of Both Worlds (Even Steve Remix) Epic In Clean 4A 128","Users/rohan/Downloads/Music/Even Steve - Useful Edits/Miley Cyrus, Hannah Montana - Best Of Both Worlds (Even Steve Remix) Epic In Clean 4A 128.mp3",Music
"Miley Cyrus, Hannah Montana - Best Of Both Worlds (Even Steve Remix) Intro - Clean 4A 128","Users/rohan/Downloads/Music/Even Steve - Useful Edits/Miley Cyrus, Hannah Montana - Best Of Both Worlds (Even Steve Remix) Intro - Clean 4A 128.mp3",Music
BAS EK PAL - CHANDAN & SAGAR EDIT (MELODIC TECHNO),Users/rohan/Downloads/Music/BOLLYWOOD GARDEN VOL-2/BAS EK PAL - CHANDAN & SAGAR EDIT (MELODIC TECHNO).mp3,Music
NAADAN PARINDEY - CHANDAN & SAGAR EDIT (MELODIC TECHNO),Users/rohan/Downloads/Music/BOLLYWOOD GARDEN VOL-2/NAADAN PARINDEY - CHANDAN & SAGAR EDIT (MELODIC TECHNO).mp3,Music
AADAT - CHANDAN & SAGAR EDIT (MELODIC TECHNO),Users/rohan/Downloads/Music/BOLLYWOOD GARDEN VOL-2/AADAT - CHANDAN & SAGAR EDIT (MELODIC TECHNO).mp3,Music
MAR JAVAAN - CHANDAN & SAGAR EDIT (MELODIC TECHNO),Users/rohan/Downloads/Music/BOLLYWOOD GARDEN VOL-2/MAR JAVAAN - CHANDAN & SAGAR EDIT (MELODIC TECHNO).mp3,Music
ZARA ZARA - CHANDAN & SAGAR EDIT (MELODIC TECHNO),Users/rohan/Downloads/Music/BOLLYWOOD GARDEN VOL-2/ZARA ZARA - CHANDAN & SAGAR EDIT (MELODIC TECHNO).mp3,Music
AE AJNABI - CHANDAN & SAGAR EDIT (MELODIC TECHNO),Users/rohan/Downloads/Music/BOLLYWOOD GARDEN VOL-2/AE AJNABI - CHANDAN & SAGAR EDIT (MELODIC TECHNO).mp3,Music
Ravi B - _ Dance Ka Bhoot Remix _ Official Music Video 2022,Users/rohan/Downloads/Music/Import New Bollywood/Ravi B - _ Dance Ka Bhoot Remix _ Official Music Video 2022.mp3,Music
JRK - Aaja Maria 98 8A,Users/rohan/Downloads/Music/JRK - Aaja Maria 98 8A.mp3,Reception Dancefloor%%Must Play
Moliy & Silent Addy ft. Skillibeng & Shenseea - Shake It To The Max (FLY) - MarkCutz Miami Bass Remix (Intro - Clean),Users/rohan/Downloads/Music/Moliy & Silent Addy ft. Skillibeng & Shenseea - Shake It To The Max (FLY) - MarkCutz Miami Bass Remix (Intro - Clean).mp3,Reception Dancefloor%%Must Play
A.R. Rahman - Jai Ho (KVM & Zen Flo Remix) [From Slumdog Millionaire] FINAL MASTER,Users/rohan/Downloads/Music/A.R. Rahman - Jai Ho (KVM & Zen Flo Remix) [From Slumdog Millionaire] FINAL MASTER.wav,Reception Dancefloor%%Must Play
HUGEL-Nicone-Sascha-Braemer-Tony-Romera-feat.-Mydoz-Caje-124-4A,Users/rohan/Downloads/Music/HUGEL-Nicone-Sascha-Braemer-Tony-Romera-feat.-Mydoz-Caje-124-4A.mp3,Reception Dancefloor%%Must Play
Nina-Sky-Move-Ya-Body-saie-Edit-129-12A,Users/rohan/Downloads/Music/Nina-Sky-Move-Ya-Body-saie-Edit-129-12A.mp3,Reception Dancefloor%%Must Play
Calvin Harris - Summer (Starjack Epic Redrum)[Clean],Users/rohan/Downloads/Music/Calvin Harris - Summer (Starjack Epic Redrum)[Clean].mp3,Reception Dancefloor%%Must Play
Outkast - Hey Ya!,Users/rohan/Downloads/Music/Outkast - Hey Ya!.mp3,Reception Dancefloor%%Must Play
"The Chainsmokers, Jonita Gandhi, Guru Randhawa - Addicted (ਆਦੀ) feat Zerb, Ink","Users/rohan/Downloads/Music/The Chainsmokers, Jonita Gandhi, Guru Randhawa - Addicted (ਆਦੀ) feat Zerb, Ink.mp3",Reception Dancefloor%%Must Play
Waka Flocka Flame ft Wale & Roscoe Dash - No Hands (Club Killers Remix Epic In) Clean CK Cut 12A 140,Users/rohan/Downloads/Music/Waka Flocka Flame ft Wale & Roscoe Dash - No Hands (Club Killers Remix Epic In) Clean CK Cut 12A 140.mp3,Reception Dancefloor%%Must Play
Aventura-Bad-Bunny-Volvi-Tony-B-Redrum-Dirty-98-2A,Users/rohan/Downloads/Music/Aventura-Bad-Bunny-Volvi-Tony-B-Redrum-Dirty-98-2A.mp3,Reception Dancefloor%%Must Play
Eo0 - Brian Matrix Remix (Clean),Users/rohan/Downloads/Music/Eo0 - Brian Matrix Remix (Clean).mp3,Reception Dancefloor%%Must Play
Bad Bunny - NUEVAYoL - Rebel Remix (Dirty),Users/rohan/Downloads/Music/Bad Bunny - NUEVAYoL - Rebel Remix (Dirty).mp3,Reception Dancefloor%%Must Play
Daddy Yankee - Con Calma - Da Phonk Club Edit,Users/rohan/Downloads/Music/Daddy Yankee - Con Calma - Da Phonk Club Edit.mp3,Reception Dancefloor%%Must Play
Pitbull - Guantanamera (She's Hot) - Alex Selas Alors On Danse Remix,Users/rohan/Downloads/Music/Pitbull - Guantanamera (She's Hot) - Alex Selas Alors On Danse Remix.mp3,Reception Dancefloor%%Must Play
"HUGEL, Lirico En La Casa & Merk & Kremont - Marianela (Qué Pasa)","Users/rohan/Downloads/Music/HUGEL, Lirico En La Casa & Merk & Kremont - Marianela (Qué Pasa).mp3",Reception Dancefloor%%Must Play
Lirico En La Casa - El Motorcito (Intro - Clean) 4A 118,Users/rohan/Downloads/Music/Lirico En La Casa - El Motorcito (Intro - Clean) 4A 118.mp3,Reception Dancefloor%%Must Play
"Carlos Vives, MichaelBM, Wakyin - Beso (Fruta Fresca) (Fruta Fresca)","Users/rohan/Downloads/Music/Carlos Vives, MichaelBM, Wakyin - Beso (Fruta Fresca) (Fruta Fresca).mp3",Reception Dancefloor%%Must Play
Luis-Fonsi-Daddy-Yankee-Despacito-DJ-LEAD-Remix-100-10A,Users/rohan/Downloads/Music/Luis-Fonsi-Daddy-Yankee-Despacito-DJ-LEAD-Remix-100-10A.mp3,Reception Dancefloor%%Must Play
Afrojack & Eva Simons vs Third Party - Take Over Control (Frank Williams 2024 Edit) Clean 5B 128,Users/rohan/Downloads/Music/Afrojack & Eva Simons vs Third Party - Take Over Control (Frank Williams 2024 Edit) Clean 5B 128.mp3,Reception Dancefloor%%Must Play
Tyla - Push 2 Start (Santeo Edit) Up. Records,Users/rohan/Downloads/Music/Tyla - Push 2 Start (Santeo Edit) Up. Records.wav,Reception Dancefloor%%Must Play
Baby Bash - Suga Suga (Clean Intro) 83,Users/rohan/Downloads/Music/Baby Bash - Suga Suga (Clean Intro) 83.mp3,Reception Dancefloor%%Must Play
Ashanti-Only-U-Fuzz-2022-Edit-130-12A,Users/rohan/Downloads/Music/Ashanti-Only-U-Fuzz-2022-Edit-130-12A.mp3,Reception Dancefloor%%Must Play
"Bran, Afronom, Mannymore - Lugar Favorito 120","Users/rohan/Downloads/Music/Bran, Afronom, Mannymore - Lugar Favorito 120.mp3",Reception Dancefloor%%Must Play
Calvin Harris - Thinking About You - FaceTyme Remix,Users/rohan/Downloads/Music/Calvin Harris - Thinking About You - FaceTyme Remix.mp3,Reception Dancefloor%%Must Play
Na Na Na Re full song,Users/rohan/Downloads/Music/Na Na Na Re full song.mp3,Reception Dancefloor%%Must Play
Chunnari Chunnari (Wedding Style Remix) _ DJ Kaash _ Biwi No.1 _ Salman Khan _ Sushmita Sen,Users/rohan/Downloads/Music/Chunnari Chunnari (Wedding Style Remix) _ DJ Kaash _ Biwi No.1 _ Salman Khan _ Sushmita Sen.mp3,Reception Dancefloor%%Must Play
Drake - Childs Play (Clean),Users/rohan/Downloads/Music/Drake - Childs Play (Clean).mp3,Reception Dancefloor%%Must Play
Hero (MetroMix),Users/rohan/Downloads/Music/Hero (MetroMix).mp3,Reception Dancefloor%%Must Play
Flo Milli  - Never Lose Me (Intro Clean),Users/rohan/Downloads/Music/Flo Milli  - Never Lose Me (Intro Clean).mp3,Reception Dancefloor%%Must Play
Flo Milli  - Never Lose Me (Intro Dirty),Users/rohan/Downloads/Music/Flo Milli  - Never Lose Me (Intro Dirty).mp3,Reception Dancefloor%%Must Play
Kendrick Lamar & SZA - luther (Intro Dirty),Users/rohan/Downloads/Music/Kendrick Lamar & SZA - luther (Intro Dirty).mp3,Reception Dancefloor%%Must Play
Day-N-Nite-Sosa-2021-Edit-Intro,Users/rohan/Downloads/Music/Day-N-Nite-Sosa-2021-Edit-Intro.mp3,Reception Dancefloor%%Must Play
Macklemore & Ryan Lewis ft. Ray Dalton - Can't Hold Us - Richastic Remix (Intro - Clean),Users/rohan/Downloads/Music/Macklemore & Ryan Lewis ft. Ray Dalton - Can't Hold Us - Richastic Remix (Intro - Clean).mp3,Reception Dancefloor%%Must Play
Macklemore & Ryan Lewis ft. Ray Dalton - Can't Hold Us - Richastic Remix (Intro - Dirty),Users/rohan/Downloads/Music/Macklemore & Ryan Lewis ft. Ray Dalton - Can't Hold Us - Richastic Remix (Intro - Dirty).mp3,Reception Dancefloor%%Must Play
Megan Thee Stallion & Yuki Chiba - Mamushi (ErickaVee Re-Drum Edit),Users/rohan/Downloads/Music/Megan Thee Stallion & Yuki Chiba - Mamushi (ErickaVee Re-Drum Edit).mp3,Reception Dancefloor%%Must Play
Nelly - Ride Wit Me (Clean Intro),Users/rohan/Downloads/Music/Nelly - Ride Wit Me (Clean Intro).mp3,Reception Dancefloor%%Must Play
Where Do You Go (Ocean Drive Mix - 127 BPM),Users/rohan/Downloads/Music/Where Do You Go (Ocean Drive Mix - 127 BPM).mp3,Reception Dancefloor%%Must Play
Notorious B.I.G ft 112 - Sky's The Limit (Clean),Users/rohan/Downloads/Music/Notorious B.I.G ft 112 - Sky's The Limit (Clean).mp3,Reception Dancefloor%%Must Play
Kisi Disco Mein X Amplifier - Rhythm Flyp (hearthis.at) 2,Users/rohan/Downloads/Music/Kisi Disco Mein X Amplifier - Rhythm Flyp (hearthis.at) 2.mp3,Reception Dancefloor%%Must Play
Kisi Disco Mein X Amplifier - Rhythm Flyp (hearthis.at) 3,Users/rohan/Downloads/Music/Kisi Disco Mein X Amplifier - Rhythm Flyp (hearthis.at) 3.mp3,Reception Dancefloor%%Must Play
Rihanna - Dont Stop The Music (Afro-House) 123 Bpm 123,Users/rohan/Downloads/Music/Rihanna - Dont Stop The Music (Afro-House) 123 Bpm 123.mp3,Reception Dancefloor%%Must Play
Stromae - Alors On Danse (Dave Ruthwell 'Tribal' Edit),Users/rohan/Downloads/Music/Stromae - Alors On Danse (Dave Ruthwell 'Tribal' Edit).mp3,Reception Dancefloor%%Must Play
Tegi Pannu - Schedule (Main),Users/rohan/Downloads/Music/Tegi Pannu - Schedule (Main).mp3,Reception Dancefloor%%Must Play
The Weeknd - Give Me Mercy [Intro Clean],Users/rohan/Downloads/Music/The Weeknd - Give Me Mercy [Intro Clean].mp3,Reception Dancefloor%%Must Play
Travis Scott 12A 80 - Topia Twins (Wingman) (Clean - 80BPM),Users/rohan/Downloads/Music/Travis Scott 12A 80 - Topia Twins (Wingman) (Clean - 80BPM).mp3,Reception Dancefloor%%Must Play
WOST - BOASTY TEK EDIT 01 (REMIX),Users/rohan/Downloads/Music/WOST - BOASTY TEK EDIT 01 (REMIX).mp3,Reception Dancefloor%%Must Play
Beyoncé - Crazy In Love (Steve D Redrum)[CLEAN],Users/rohan/Downloads/Music/Beyoncé - Crazy In Love (Steve D Redrum)[CLEAN].mp3,Reception Dancefloor%%Must Play
Ed Sheeran F. Arijit Singh - Sapphire 95,Users/rohan/Downloads/Music/Ed Sheeran F. Arijit Singh - Sapphire 95.mp3,Reception Dancefloor%%Must Play
"Black Eyed Peas, Ozuna & J. Rey Soul - MAMACITA (CK Intro - Clean)","Users/rohan/Downloads/Music/Black Eyed Peas, Ozuna & J. Rey Soul - MAMACITA (CK Intro - Clean).mp3",Reception Dancefloor%%Must Play
"Black Eyed Peas, Ozuna & J. Rey Soul - MAMACITA (CK Intro - Dirty)","Users/rohan/Downloads/Music/Black Eyed Peas, Ozuna & J. Rey Soul - MAMACITA (CK Intro - Dirty).mp3",Reception Dancefloor%%Must Play
One Direction - What Makes You Beautiful (CK Intro - Clean),Users/rohan/Downloads/Music/One Direction - What Makes You Beautiful (CK Intro - Clean).mp3,Reception Dancefloor%%Must Play
133. The Black Eyed Peas - I Gotta Feeling (Intro - Clean) Ck Cut,Users/rohan/Downloads/Music/133. The Black Eyed Peas - I Gotta Feeling (Intro - Clean) Ck Cut.mp3,Reception Dancefloor%%Must Play
Pump Up The Jam (Intro - Clean),Users/rohan/Downloads/Music/Pump Up The Jam (Intro - Clean).mp3,Reception Dancefloor%%Must Play
B.O.B. - Airplanes (Zero Tolerance Remix)[Clean],Users/rohan/Downloads/Music/B.O.B. - Airplanes (Zero Tolerance Remix)[Clean].mp3,Reception Dancefloor%%Must Play
Justin Timberlake  (Jay-Z) -  Suit & Tie (Intro),Users/rohan/Downloads/Music/Justin Timberlake  (Jay-Z) -  Suit & Tie (Intro).mp3,Reception Dancefloor%%Must Play
Billie Eilish - Ocean Eyes,Users/rohan/Downloads/Music/Billie Eilish - Ocean Eyes.mp3,Reception Dancefloor%%Must Play
Suit & Tie (feat. JAY Z),Users/rohan/Downloads/Music/Suit & Tie (feat. JAY Z).mp3,Reception Dancefloor%%Must Play
Millionaire_320(PagalWorld.com.sb),Users/rohan/Downloads/Music/Millionaire_320(PagalWorld.com.sb).mp3,Reception Dancefloor%%Must Play
Travis Scott - Antidote (CK Intro - Dirty) 2A 65,Users/rohan/Downloads/Music/Travis Scott - Antidote (CK Intro - Dirty) 2A 65.mp3,Reception Dancefloor%%Hip-Hop
Bryson Tiller - Whatever She Wants (CK Intro - Dirty) 8A 96,Users/rohan/Downloads/Music/Bryson Tiller - Whatever She Wants (CK Intro - Dirty) 8A 96.mp3,Reception Dancefloor%%Hip-Hop
"Chani Nattan, Miss Pooja ft. Inderpal Moga - Case (DJcity Intro)","Users/rohan/Downloads/Music/Chani Nattan, Miss Pooja ft. Inderpal Moga - Case (DJcity Intro).mp3",Reception Dancefloor%%Hip-Hop
Drake & Central Cee - Which One - Da Phonk Club Edit (Clean),Users/rohan/Downloads/Music/Drake & Central Cee - Which One - Da Phonk Club Edit (Clean).mp3,Reception Dancefloor%%Hip-Hop
Drake & Central Cee - Which One - Da Phonk Club Edit (Dirty),Users/rohan/Downloads/Music/Drake & Central Cee - Which One - Da Phonk Club Edit (Dirty).mp3,Reception Dancefloor%%Hip-Hop
Drake & Central Cee - Which One - Trayze Remix (Clean),Users/rohan/Downloads/Music/Drake & Central Cee - Which One - Trayze Remix (Clean).mp3,Reception Dancefloor%%Hip-Hop
Drake & Central Cee - Which One - Trayze Remix (Dirty),Users/rohan/Downloads/Music/Drake & Central Cee - Which One - Trayze Remix (Dirty).mp3,Reception Dancefloor%%Hip-Hop
Jay-Z - Public Service Announcement (Interlude) (CK Intro - Clean),Users/rohan/Downloads/Music/Jay-Z - Public Service Announcement (Interlude) (CK Intro - Clean).mp3,Reception Dancefloor%%Hip-Hop
Jay-Z - Public Service Announcement (Interlude) (CK Intro - Dirty),Users/rohan/Downloads/Music/Jay-Z - Public Service Announcement (Interlude) (CK Intro - Dirty).mp3,Reception Dancefloor%%Hip-Hop
Kanye West - Cant Tell Me Nothing (Intro - Clean),Users/rohan/Downloads/Music/Kanye West - Cant Tell Me Nothing (Intro - Clean).mp3,Reception Dancefloor%%Hip-Hop
Kendrick Lamar - Not Like Us (CK Intro - Clean) 9A 101 (2),Users/rohan/Downloads/Music/Kendrick Lamar - Not Like Us (CK Intro - Clean) 9A 101 (2).mp3,Reception Dancefloor%%Hip-Hop
LL Cool J - Jingling Baby (Clean  Intro),Users/rohan/Downloads/Music/LL Cool J - Jingling Baby (Clean  Intro).mp3,Reception Dancefloor%%Hip-Hop
Migos - Versace (Clean),Users/rohan/Downloads/Music/Migos - Versace (Clean).mp3,Reception Dancefloor%%Hip-Hop
Nardo Wick - Dah Dah DahDah (CK Intro - Dirty) 2A 84,Users/rohan/Downloads/Music/Nardo Wick - Dah Dah DahDah (CK Intro - Dirty) 2A 84.mp3,Reception Dancefloor%%Hip-Hop
Shubh - Cheques (Intro),Users/rohan/Downloads/Music/Shubh - Cheques (Intro).mp3,Reception Dancefloor%%Hip-Hop
The Weeknd Ft Future Low Life Redrum Dirty,Users/rohan/Downloads/Music/The Weeknd Ft Future Low Life Redrum Dirty.mp3,Reception Dancefloor%%Hip-Hop
Jay-Z & Kanye West - Niggas In Paris (CK Intro - Dirty),Users/rohan/Downloads/Music/Jay-Z & Kanye West - Niggas In Paris (CK Intro - Dirty).mp3,Reception Dancefloor%%Hip-Hop
Akon ft Eminem  - Smack That (CK Intro - Dirty),Users/rohan/Downloads/Music/Akon ft Eminem  - Smack That (CK Intro - Dirty).mp3,Reception Dancefloor%%Hip-Hop
Dr Dre ft Snoop Dogg - Still D.R.E. (CK Intro - Clean) ,Users/rohan/Downloads/Music/Dr Dre ft Snoop Dogg - Still D.R.E. (CK Intro - Clean) .mp3,Reception Dancefloor%%Hip-Hop
"Bruno Mars & Sexyy Red - Fat, Juicy, & Wet (DJ ROCCO & DJ EVER B R&B Remix) (Clean)","Users/rohan/Downloads/Music/Bruno Mars & Sexyy Red - Fat, Juicy, & Wet (DJ ROCCO & DJ EVER B R&B Remix) (Clean).mp3",Reception Dancefloor%%Hip-Hop
"Bruno Mars & Sexyy Red - Fat, Juicy, & Wet (DJ ROCCO & DJ EVER B R&B Remix) (Dirty)","Users/rohan/Downloads/Music/Bruno Mars & Sexyy Red - Fat, Juicy, & Wet (DJ ROCCO & DJ EVER B R&B Remix) (Dirty).mp3",Reception Dancefloor%%Hip-Hop
41-Kyle-Richh-Jenn-Carter-TaTa-Sexyy-Red-Bent-Remix-Intro-Dirty-124-8A,Users/rohan/Downloads/Music/41-Kyle-Richh-Jenn-Carter-TaTa-Sexyy-Red-Bent-Remix-Intro-Dirty-124-8A.mp3,Reception Dancefloor%%Hip-Hop
A Boogie With Da Hoodie - Jungle (Collini Electronic Pulse Redrum Edit) (Dirty) 6A 95,Users/rohan/Downloads/Music/A Boogie With Da Hoodie - Jungle (Collini Electronic Pulse Redrum Edit) (Dirty) 6A 95.mp3,Reception Dancefloor%%Hip-Hop
Bryson Tiller - Whatever She Wants (Dirty),Users/rohan/Downloads/Music/Bryson Tiller - Whatever She Wants (Dirty).mp3,Reception Dancefloor%%Hip-Hop
DaBaby-SHAKE-SUMN-Intro-Clean-143-1A,Users/rohan/Downloads/Music/DaBaby-SHAKE-SUMN-Intro-Clean-143-1A.mp3,Reception Dancefloor%%Hip-Hop
DJ-Snake-feat.-Future-Travis-Scott-Tsunami-HMC-Pt.-2-Intro-Clean-70-1A,Users/rohan/Downloads/Music/DJ-Snake-feat.-Future-Travis-Scott-Tsunami-HMC-Pt.-2-Intro-Clean-70-1A.mp3,Reception Dancefloor%%Hip-Hop
Drake - N 2 Deep (Intro)[Clean],Users/rohan/Downloads/Music/Drake - N 2 Deep (Intro)[Clean].mp3,Reception Dancefloor%%Hip-Hop
Drake - N 2 Deep (Intro)[Dirty],Users/rohan/Downloads/Music/Drake - N 2 Deep (Intro)[Dirty].mp3,Reception Dancefloor%%Hip-Hop
Drake-feat.-Central-Cee-Which-One-Clean-120-7A,Users/rohan/Downloads/Music/Drake-feat.-Central-Cee-Which-One-Clean-120-7A.mp3,Reception Dancefloor%%Hip-Hop
Future & Lil Uzi Vert - Drankin N Smokin (CK Intro - Dirty) 7A 76,Users/rohan/Downloads/Music/Future & Lil Uzi Vert - Drankin N Smokin (CK Intro - Dirty) 7A 76.mp3,Reception Dancefloor%%Hip-Hop
Future Ft. Drake - Where Ya At (Dirty Intro) 108,Users/rohan/Downloads/Music/Future Ft. Drake - Where Ya At (Dirty Intro) 108.mp3,Reception Dancefloor%%Hip-Hop
Lil-Uzi-Vert-Chanel-Boy-Intro-Dirty-70-3A,Users/rohan/Downloads/Music/Lil-Uzi-Vert-Chanel-Boy-Intro-Dirty-70-3A.mp3,Reception Dancefloor%%Hip-Hop
Saweetie-Tap-In-Intro-Clean-100-5A,Users/rohan/Downloads/Music/Saweetie-Tap-In-Intro-Clean-100-5A.mp3,Reception Dancefloor%%Hip-Hop
Saweetie-Tap-In-PeteDown-Mix-Clean-100-5A,Users/rohan/Downloads/Music/Saweetie-Tap-In-PeteDown-Mix-Clean-100-5A.mp3,Reception Dancefloor%%Hip-Hop
Akon  -  Don't Matter (Intro),Users/rohan/Downloads/Music/Akon  -  Don't Matter (Intro).mp3,Reception Dancefloor%%Hip-Hop
Travis Scott &038; CHASE B - 01 FE!N (CHASE B REMIX),Users/rohan/Downloads/Music/Travis Scott &038; CHASE B - 01 FE!N (CHASE B REMIX).m4a,Reception Dancefloor%%Hip-Hop
A Sky Full Of Stars (Robin Schulz Remix),Users/rohan/Downloads/Music/A Sky Full Of Stars (Robin Schulz Remix).mp3,Reception Dancefloor%%Hip-Hop
HUGEL - WTF - Tujamo Remix (Dirty),Users/rohan/Downloads/Music/HUGEL - WTF - Tujamo Remix (Dirty).mp3,Reception Dancefloor%%Hip-Hop
John-Summit-Hayla-Where-You-Are-Radio-Edit-126-8A,Users/rohan/Downloads/Music/John-Summit-Hayla-Where-You-Are-Radio-Edit-126-8A.mp3,Reception Dancefloor%%Hip-Hop
Boy's A Liar Pt. 2 (HOEST & Sev House Edit),Users/rohan/Downloads/Music/Boy's A Liar Pt. 2 (HOEST & Sev House Edit).mp3,Reception Dancefloor%%Hip-Hop
Nicky Jam - Hasta El Amanecer  Intro ,Users/rohan/Downloads/Music/Nicky Jam - Hasta El Amanecer  Intro .mp3,Reception Dancefloor%%Pop ␛␛2f Top 40
Avicii - Levels (Retrovision Remix) (Even Steve Epic Intro) Clean 12A 128,Users/rohan/Downloads/Music/Avicii - Levels (Retrovision Remix) (Even Steve Epic Intro) Clean 12A 128.mp3,Reception Dancefloor%%Pop ␛␛2f Top 40
Chief Keef vs MR.BLACK - Don't Like (Even Steve 'After Party' Bootleg) Intro - Dirty 11A 128,Users/rohan/Downloads/Music/Even Steve - Useful Edits/Chief Keef vs MR.BLACK - Don't Like (Even Steve 'After Party' Bootleg) Intro - Dirty 11A 128.mp3,Reception Dancefloor%%Pop ␛␛2f Top 40
Avicii-feat.-Aloe-Blacc-Wake-Me-Up-SRY-2023-Remix-128-10A,Users/rohan/Downloads/Music/Avicii-feat.-Aloe-Blacc-Wake-Me-Up-SRY-2023-Remix-128-10A.mp3,Reception Dancefloor%%Pop ␛␛2f Top 40
Jay-Sean-vs.-WildVibes-Patrick-Key-Down-Dario-Valli-2023-Edit-128-10B,Users/rohan/Downloads/Music/Jay-Sean-vs.-WildVibes-Patrick-Key-Down-Dario-Valli-2023-Edit-128-10B.mp3,Reception Dancefloor%%Pop ␛␛2f Top 40
John-Summit-Hayla-Where-You-Are-Zedd-Remix-Radio-Edit-130-8A,Users/rohan/Downloads/Music/John-Summit-Hayla-Where-You-Are-Zedd-Remix-Radio-Edit-130-8A.mp3,Reception Dancefloor%%Pop ␛␛2f Top 40
Mark-Villa-Riptide-125-5A,Users/rohan/Downloads/Music/Mark-Villa-Riptide-125-5A.mp3,Reception Dancefloor%%Pop ␛␛2f Top 40
Rufus-Du-Sol-Innerbloom-Franz-Ragga-2021-Mix-127-6A,Users/rohan/Downloads/Music/Rufus-Du-Sol-Innerbloom-Franz-Ragga-2021-Mix-127-6A.mp3,Reception Dancefloor%%Pop ␛␛2f Top 40
Teriyaki Boyz - Tokyo Drift (HayaT Remix) Clean 2A 127,Users/rohan/Downloads/Music/Teriyaki Boyz - Tokyo Drift (HayaT Remix) Clean 2A 127.mp3,Reception Dancefloor%%Pop ␛␛2f Top 40
Simen-Sez-Champagne-Navajo-114,Users/rohan/Downloads/Music/Simen-Sez-Champagne-Navajo-114.mp3,Reception Dancefloor%%Pop ␛␛2f Top 40
The-Weeknd-Playboi-Carti-Timeless-THUGLI-Remix-Dirty-125-10A,Users/rohan/Downloads/Music/The-Weeknd-Playboi-Carti-Timeless-THUGLI-Remix-Dirty-125-10A.mp3,Reception Dancefloor%%Pop ␛␛2f Top 40
